"Product ID";Bild;Name;Artikel-Nr.;Kategorie;"Verkaufspreis netto";"Verkaufspreis brutto";Menge;Status;Position
2687;https://shop.indomarkt.com/2379/17139.jpg;"MUNIK, Gegrilltes Hähnchen, 150g";17139;"Gewürze & Gewürzemischungen";4.205607;4.5;10;0
2686;https://shop.indomarkt.com/2378/17138.jpg;"MUNIK, Jakarta Duftreis Gewürz, 2 x 34g";17138;"Gewürze & Gewürzemischungen";4.205607;4.5;8;0
2685;https://shop.indomarkt.com/2376/17136.jpg;"MUNIK, Laksagewürz, 70g";17137;"Gewürze & Gewürzemischungen";4.205607;4.5;10;0
2684;https://shop.indomarkt.com/2377/banggo-tongseng-würzpaste-50g.jpg;"BANGO, Jakarta gebratenes Reis mit Lamm, 40g";17136;"Gewürze & Gewürzemischungen";1.168224;1.25;431;0
2658;https://shop.indomarkt.com/2269/cap-wayang-fischchips-palembang-500-g.jpg;"CAP WAYANG, Fischchips Palembang, 500 g";14469;"Krupuk & Emping";6.074766;6.5;50;0
2615;https://shop.indomarkt.com//54026.jpg;"NUTRISARI, Sweet Guava 10 x 14 gr";54026;Start;2.521008;3;8;0
2614;https://shop.indomarkt.com//54025.jpg;"NUTRISARI, American Sweet Orange 10 x 14 gr";54025;Kraütergetränke;2.521008;3;-1;1
2613;https://shop.indomarkt.com//54024.jpg;"NUTRISARI, Florida Orange 10 x 14 gr";54024;Kraütergetränke;2.521008;3;0;1
2612;https://shop.indomarkt.com/2317/54023.jpg;"INTRA, Ingwer-Kaffeemilch, 5x28 g";54023;Getränke;2.336449;2.5;45;0
2586;https://shop.indomarkt.com/2338/51058.jpg;"IDN.CO, Indonesischer Spezialische Kaffee FINE ROBUSTA JAMBI, 200 g";51058;Getränke;7.934579;8.49;10;0
2585;https://shop.indomarkt.com/2339/51057.jpg;"IDN.CO, Indonesischer Premium Kaffee Komodo Gold GAYO, 500 g";51057;Getränke;14.476636;15.49;0;1
2525;https://shop.indomarkt.com//70051.jpg;"H & S, Sate Stäbchen 24,5 cm, 100pcs";70051;"Küchewaren, keine Elektronik";1.859813;1.99;9;0
2428;https://shop.indomarkt.com/2296/35091.jpg;"NESIA, Kapoer Sirih, 100 g";35091;Lebensmittel;0.934579;1;22;0
2401;https://shop.indomarkt.com//32178.jpg;"Medjool Datten, 450 g";32178;"Snacks & Süßwaren";7.009346;7.5;1;0
2395;https://shop.indomarkt.com/2346/32172.jpg;"KOBE, Boncabe Makaroni Crispy lv 10, 150 g";32172;"Snacks & Süßwaren";2.514019;2.69;50;0
2394;https://shop.indomarkt.com/2332/32171.jpg;"TICTAC, Pilus Mix, 100 g";32171;"Snacks & Süßwaren";0.925234;0.99;82;0
2393;https://shop.indomarkt.com/2344/32170.jpg;"KINO, Durian Bonbon, 125 g";32170;"Snacks & Süßwaren";1.401869;1.5;8;0
2391;https://shop.indomarkt.com/2327/32168.jpg;"DUA KELINCI, Sukro Oven Scharf, 100 g";32168;"Snacks & Süßwaren";1.635514;1.75;33;0
2390;https://shop.indomarkt.com/2328/32167.jpg;"DUA KELINCI, Shanghai Erdnüsse Original, 450 g";32167;"Snacks & Süßwaren";4.205607;4.5;17;0
2278;https://shop.indomarkt.com/2373/21104.jpg;"KOBE, BonCabe Nori lvl 3, 35g";21104;"Gewürze & Gewürzemischungen";2.803738;3;39;0
2277;https://shop.indomarkt.com/2372/21103.jpg;"KOBE, BonCabe Max End lvl 50, 30gr";21103;"Gewürze & Gewürzemischungen";2.803738;3;9;0
2276;https://shop.indomarkt.com/2359/21102.jpg;"JAWARA, Saus Cabe Extra Hot 250ml";21102;"Chilisosse & -paste";2.336449;2.5;15;0
2275;https://shop.indomarkt.com/2358/21101.jpg;"JAWARA, Saus Cabe Extra Hot 120ml";21101;"Soße, Saucen, Pasten & Öle";1.766355;1.89;44;0
2274;https://shop.indomarkt.com//21100.jpg;"Flying Goose Brand, Sriracha Chillisauce, 455ml";21100;"Chilisosse & -paste";3.728972;3.99;8;0
2273;https://shop.indomarkt.com//21099.jpg;"CAP IBU, Bajak Chilipaste, 230g";21099;Start;3.271028;3.5;47;0
2272;https://shop.indomarkt.com/2342/21098.jpg;"DUA BELIBIS, Terasi Chili Paste (Sachet), 10 x 15 g";21098;"Soße, Saucen, Pasten & Öle";2.336449;2.5;0;1
2269;https://shop.indomarkt.com/2272/21095.jpg;"DUA BELIBIS, Chilipaste mit Garnelen, 170 g";21095;"Soße, Saucen, Pasten & Öle";2.570093;2.75;9;0
2261;https://shop.indomarkt.com/2375/20033.jpg;"Golden Turtle, Kokosmilch, 330ml";20033;"Kokosmilch & Kokosraspel";1.672897;1.79;5;0
2251;https://shop.indomarkt.com/2365/17133.jpg;"BANGO, Aceh gebratene Nudeln Würzpaste, 25g";17133;"Fertige Würzmischung";1.168224;1.25;31;0
2236;https://shop.indomarkt.com/2367/17135.jpg;"BANGO, Tongseng Würzpaste, 50g";17135;"Gewürze & Gewürzemischungen";1.168224;1.25;40;0
2235;https://shop.indomarkt.com/2366/17134.jpg;"BANGO, Malang ostjavanische Rindersuppe (Rawon) Würzpaste, 35g";17134;"Fertige Würzmischung";1.168224;1.25;40;0
2234;https://shop.indomarkt.com/2364/17132.jpg;"BANGO, Jakarta Rindersuppe (Soto Betawi) Würzpaste, 45g";17132;"Fertige Würzmischung";1.168224;1.25;8;0
2232;https://shop.indomarkt.com//17130.jpg;"MUNIK, Gebratenen Reis Gewürze, 55 g";17130;Start;4.205607;4.5;8;0
2231;https://shop.indomarkt.com//17129.jpg;"MUNIK, Sauere Gemüse Suppe Gewürze, 180 g";17129;Start;4.205607;4.5;1;0
2230;https://shop.indomarkt.com//17128.jpg;"MUNIK, Gebratene Kartoffeln Garnelen Scharf Gewürze, 140 g";17128;Start;4.205607;4.5;10;0
2228;https://shop.indomarkt.com//17126.jpg;"MUNIK, Hähnchensuppe Gewürze, 70 g";17126;Start;4.205607;4.5;0;1
2227;https://shop.indomarkt.com//17125.jpg;"MUNIK, Betawi Suppe Gewürze, 125 g";17125;Start;4.205607;4.5;5;0
2224;https://shop.indomarkt.com/2353/17122.jpg;"MUNIK, Gebratenes Hähnchen Gewürze, 180 g";17122;Start;4.205607;4.5;10;0
2189;https://shop.indomarkt.com/2371/14034.jpg;"MAMASUKA, Tepung Tempe Goreng, 70gr";14034;Würzmehl-Mischungen;1.074766;1.15;100;0
2188;https://shop.indomarkt.com/2370/14033.jpg;"MAMASUKA, gebratenes Bananenmehl, 210g";14033;"Reis, Nudeln & Mehl";1.588785;1.7;32;0
2187;https://shop.indomarkt.com//14032.jpg;"KOBE, gewürzmehl Weiß extra 30%, 75g+25g";14032;"Gewürze & Gewürzemischungen";1.401869;1.5;21;0
2166;https://shop.indomarkt.com/2360/12155.jpg;"BEST WOK, Instant-Nudeln Original, 80g";12155;"Instant-Nudeln & Instant-Reisnudeln";0.794393;0.85;116;0
2165;https://shop.indomarkt.com/2362/12154.jpg;"BEST WOK, Instant-Nudeln Meeresfrüchte mit schwarzem Pfeffer, 80g";12154;"Instant-Nudeln & Instant-Reisnudeln";0.794393;0.85;13;0
2164;https://shop.indomarkt.com/2363/12153.jpg;"BEST WOK, Instant-Nudeln Scharf, 80g";12153;"Instant-Nudeln & Instant-Reisnudeln";0.794393;0.85;153;0
2162;https://shop.indomarkt.com/2324/12151.jpg;"SUPER BUBUR, Instant Porridge Soto Geschmack, 46 g";12151;"Reis, Nudeln & Mehl";1.401869;1.5;51;0
2161;https://shop.indomarkt.com/2326/12150.jpg;"LEMONILO, Korean Scharf, 85 g";12150;"Reis, Nudeln & Mehl";0.887850;0.95;-1;1
2147;https://shop.indomarkt.com//11028.jpg;"DOUBLE PHOENIX, Schnellkochnudeln, 500 g";11028;"Nudeln, Reisnudeln & Vermicelli";1.766355;1.89;47;0
2146;https://shop.indomarkt.com//11027.jpg;"CHILLING COOKING, Schnellkochnudeln, 500 g";11027;"Nudeln, Reisnudeln & Vermicelli";1.766355;1.89;9;0
2145;https://shop.indomarkt.com/2355/11026.jpg;"KUDA MENJANGAN, Eiernudeln, 200 g";11026;"Reis, Nudeln & Mehl";1.766355;1.89;100;0
2129;https://shop.indomarkt.com/2312/totole-kaldu-rasa-jamur-80-g.jpg;"TOTOLE, Champignon Bouillon, 80 g";17121;"Gewürze & Gewürzemischungen";2.336449;2.5;78;0
2126;https://shop.indomarkt.com/2280/unifood-pondan-kentucky-hot-spicy-200-g.jpg;"Unifood, Pondan Kentucky Hot Spicy, 200 g";14011;Würzmehl-Mischungen;1.822430;1.95;6;0
2124;https://shop.indomarkt.com/2263/lemonilo-rasa-kari-ayam-80-g.jpg;"LEMONILO, Hähnchen Curry Geschmack, 80 g";12147;"Reis, Nudeln & Mehl";0.887850;0.95;30;0
2123;https://shop.indomarkt.com/2266/lemonilo-rasa-ayam-bawang-80-g.jpg;"LEMONILO, Zwiebel-Hühnchen-Geschmack, 80 g";12146;"Reis, Nudeln & Mehl";0.887850;0.95;33;0
2122;https://shop.indomarkt.com/2265/lemonilo-mie-goreng-geschmack-80-g.jpg;"LEMONILO, Mie Goreng Geschmack, 80 g";12145;"Reis, Nudeln & Mehl";0.887850;0.95;-2;1
2121;https://shop.indomarkt.com/2267/samyang-instant-nudeln-tomato-pasta-140-g.jpg;"SAMYANG, Instant-Nudeln Tomato Pasta, 140 g";12144;"Reis, Nudeln & Mehl";1.355140;1.45;0;1
2110;https://shop.indomarkt.com//81021.jpg;"SAFE CARE, Minyak Angin, 10 ml";81021;"Obat Luar";2.803738;3;0;1
2109;https://shop.indomarkt.com/2345/81020.jpg;"CAP LANG, Minyak Urut GPU, 60 ml";81020;"Obat Luar";5.607477;6;8;0
2108;https://shop.indomarkt.com/2374/81019.jpg;"Cap Tawon, Minyak Gosok EE, 60 ml";81019;"Küchezubehör & Pflegeprodukt";5.462185;6.5;10;0
2102;https://shop.indomarkt.com/2333/70050.jpg;"HANDY, Allround Dusch (Bidet)";70050;"Haushaltwaren & Souvenir";29.411765;35;0;1
2101;https://shop.indomarkt.com/2350/70049.jpg;"JAWA, Ausstechformen für Chiffon Backform, 28 cm";70049;"Haushaltwaren & Souvenir";7.943925;8.5;15;0
2100;https://shop.indomarkt.com/2351/70048.jpg;"NESIA, Ausstechformen für Chiffon Backform, 23 cm";70048;"Haushaltwaren & Souvenir";5.607477;6;8;0
2099;https://shop.indomarkt.com/2329/70047.jpg;"NESIA, Stein Kugel (Cobek), 15 cm";70047;"Haushaltwaren & Souvenir";14.018692;15;3;0
2098;https://shop.indomarkt.com/2313/70047.jpg;"Nesia, Cendol Sieb 26 cm";70046;"Küchezubehör & Pflegeprodukt";2.803738;3;21;0
2091;https://shop.indomarkt.com/2315/56050.jpg;"CHUPA CHUPS, Orange Geschmack, 345 ml";56050;Getränke;1.392523;1.49;-1;1
2059;https://shop.indomarkt.com/2340/51056.jpg;"IDN.CO, Indonesischer Spezialische Kaffee TORAJA, 200 g";51056;Getränke;8.869159;9.49;5;0
2034;https://shop.indomarkt.com/2356/39050.jpg;"SPRING HOME, TYJ SPRING ROLL PASTRY 50 Sheets (190mmx190mm), 550g";39050;"Frisch- & Tiefkühlwaren";2.420561;2.59;9;0
2030;https://shop.indomarkt.com/2237/39046.jpg;"Lumpia Tsingtao, 30pcsx15gr, 450gr";39046;"Frisch- & Tiefkühlwaren";2.794393;2.99;3;0
2014;https://shop.indomarkt.com/2305/36025.jpg;"NARCISSUS, Litchi in leichten Sirup 567g";36025;"Gemüse & Obst In Dosen";2.046729;2.19;5;0
2013;https://shop.indomarkt.com/2276/35090.jpg;"NUTRIJELL, Jellypulver mit Mango-Geschmack, 15 g";35090;Lebensmittel;0.934579;1;12;0
2012;https://shop.indomarkt.com/2277/35089.jpg;"Nutrijell, Jellypulver mit Grassjelly-Geschmack, 15 g";35089;Lebensmittel;0.934579;1;0;1
2011;https://shop.indomarkt.com/2307/35088.jpg;"NUTRIJELL, Jellypulver mit Guava-Geschmack, 15 g";35088;Lebensmittel;0.934579;1;69;0
2010;https://shop.indomarkt.com/2278/35087.jpg;"NUTRIJELL, Jellypulver mit Hönigmelone-Geschmack, 15 g";35087;Lebensmittel;0.934579;1;19;0
2009;https://shop.indomarkt.com/2243/35086.jpg;"KOEPOE-KOEPOE, Biji Selasih, 50 g";35086;Lebensmittel;1.401869;1.5;48;0
1999;https://shop.indomarkt.com/2242/33022.jpg;"MONIKA, Palmfruecht gezuekert, 340 g";33022;"Obst- & Erfrischungsgetränke";2.514019;2.69;3;0
1998;https://shop.indomarkt.com/2274/32163.jpg;"KOBE, Boncabe Makaroni Crispy lv 15, 150 g";32163;"Snacks & Süßwaren";2.514019;2.69;22;0
1997;https://shop.indomarkt.com/2247/32162.jpg;"ROMA, Malkist Kelapa Kopyor, 252 g";32162;"Snacks & Süßwaren";0.841121;0.9;0;1
1977;https://shop.indomarkt.com//28096.jpg;"BALAND, Tempe Chips 5x7cm, 500 g";28096;"Krupuk & Emping";4.205607;4.5;78;0
1976;https://shop.indomarkt.com//28095.jpg;"BALAND, Tempe Chips 2x3cm, 250 g";28095;"Krupuk & Emping";3.271028;3.5;49;0
1975;https://shop.indomarkt.com//28094.jpg;"NESIA, Emping Scharf, 150 g";28094;"Krupuk & Emping";3.271028;3.5;42;0
1974;https://shop.indomarkt.com//28093.jpg;"NESIA, Emping Süß, 150 g";28093;"Krupuk & Emping, Roh/Unfrittriert";3.271028;3.5;47;0
1969;https://shop.indomarkt.com//27012.jpg;"JHFoods, getrocknete Seetang Yaki Nori (Green), 25 g";27012;"Sushi Zutaten";2.336449;2.5;7;0
1968;https://shop.indomarkt.com/2348/27011.jpg;"ROYAL TIGER, Sushi Reis, 1kg";27011;"Reis, Nudeln & Mehl";2.794393;2.99;0;1
1960;https://shop.indomarkt.com/2357/25011.jpg;"OH AIK GUAN, Sesame Oil, 650 ml";25011;"Öle & Essig";5.598131;5.99;4;0
1959;https://shop.indomarkt.com/2258/25010.jpg;"WIJSMAN, Butter, 200 g";25010;"Soße, Saucen, Pasten & Öle";5.607477;6;0;1
1958;https://shop.indomarkt.com/2259/butter-wijman-454g.jpg;"WIJSMAN, Butter, 454 g";25009;"Soße, Saucen, Pasten & Öle";8.878505;9.5;23;0
1952;https://shop.indomarkt.com/2331/24010.jpg;"HEALTHY BOY BRAND, Austernsauce, 300ml";24010;"Soße, Saucen, Pasten & Öle";1.859813;1.99;0;1
1945;https://shop.indomarkt.com/2256/21093.jpg;"NESIA, Chilipaste (PEMUDA) Extra Scharf, 230 g";21093;"Soße, Saucen, Pasten & Öle";3.271028;3.5;0;1
1944;https://shop.indomarkt.com/2285/21092.jpg;"KOBE, BonCabe Ebi lv2, 50 g";21094;"Gewürze & Gewürzemischungen";2.336449;2.5;0;1
1942;https://shop.indomarkt.com/2335/20031.jpg;"CHAOKOH, Kokosmilch, 500 ml";20031;"Kokosmilch & Kokosraspel";2.046729;2.19;0;1
1936;https://shop.indomarkt.com//18034.jpg;"Royco, Rindfleischbällchensoße, 100 g";18034;Start;1.766355;1;8;0
1933;https://shop.indomarkt.com/2251/17119.jpg;"CAP IBU, Laksa Gewürze, 230 g";17119;"Gewürze & Gewürzemischungen";3.271028;3.5;1;0
1932;https://shop.indomarkt.com/2250/17118.jpg;"NESIA, Schwarze Fleichsuppe Gewürz (Rawon), 240 g";17118;"Gewürze & Gewürzemischungen";3.271028;3.5;7;0
1931;https://shop.indomarkt.com/2284/16073.jpg;"CAP WAYANG, Kemirinuss, 100 g";16073;"Gewürze & Gewürzemischungen";1.953270;2.09;81;0
1930;https://shop.indomarkt.com/2287/16072.jpg;"CAP WAYANG, Kemirinuss, 500 g";16072;Start;5.607477;6;61;0
1929;https://shop.indomarkt.com/2282/16071.jpg;"CAP WAYANG, Kemirinuss, 1 kg";16071;Start;10.747664;11.5;85;0
1924;https://shop.indomarkt.com/2239/14028.jpg;"KOBE, Mehrzweckgewürzmischung Special, 75 g";14028;"Gewürze & Gewürzemischungen";1.401869;1.5;0;1
1923;https://shop.indomarkt.com/2238/14027.jpg;"KOBE, Weißes Gewürzmehl , 75 g";14027;"Gewürze & Gewürzemischungen";0.934579;1;6;0
1919;https://shop.indomarkt.com/2323/12145.jpg;"SAMYANG, Instant-Nudeln Curry Geschmack, 140 g";12149;"Instant-Nudeln & Instant-Reisnudeln";1.355140;1.45;0;1
1918;https://shop.indomarkt.com/2279/12144.jpg;"KOBE, BonCabe Nudeln lv 15, 105 g";12148;"Instant-Nudeln & Instant-Reisnudeln";0.794393;0.85;23;0
1643;https://shop.indomarkt.com/1914/megasardinetomsauce155g.jpg;"Pigeon Brand, eingelegter Senf, 300 g";19037;"Fertige Gerichte";1.859813;1.99;0;1
1642;https://shop.indomarkt.com/1917/finna-sambal-pedas-190g.jpg;"FINNA, Sambal Rawit, 180g";21091;"Soße, Saucen, Pasten & Öle";3.504673;3.75;21;0
1641;https://shop.indomarkt.com/1916/capibuchilipastemitgewrzebajak250gr.jpg;"CAP IBU, Chilipaste (Sambal) Pemuda Extra Scharf, 230 g";21015;"Chilisosse & -paste";3.271028;3.5;7;0
1639;https://shop.indomarkt.com/1905/abc-kecap-manis-275-ml.jpg;"ABC, süße Sojasoße extra scharf, 400 g";23037;"Soße, Saucen, Pasten & Öle";3.271028;3.5;36;0
1638;https://shop.indomarkt.com/1921/nesia-sumpia-koekjes-original-150-gr.jpg;"NESIA, Pastel Koekjes Süß, 150 g";32158;"Krupuk & Emping, Frittriert";2.420561;2.59;13;0
1637;https://shop.indomarkt.com/1927/karangsarisambelpeceltidakpedas200g.jpg;"KARANGSARI, Bumbu Gado-Gado (nicht scharf), 180 g";22010;"Soße, Saucen, Pasten & Öle";1.859813;1.99;97;0
1631;https://shop.indomarkt.com/1896/mogu-moguedbeergeschmack-.jpg;"MOGU-MOGU, Traubengeschmack mit Nata de Coco, 320ml";56044;Getränke;1.121495;1.2;21;0
1630;https://shop.indomarkt.com/1895/finna-sambal-pedas-190g.jpg;"FINNA, scharfe Chilipaste, 190 g";21090;"Soße, Saucen, Pasten & Öle";3.504673;3.75;46;0
1626;https://shop.indomarkt.com/1884/dua-kelinci-shanghai-erdnüsse-original-1kg.jpg;"DUA KELINCI, Shanghai Erdnüsse Original, 1 kg";32157;"Snacks & Süßwaren";7.476636;8;27;0
1622;https://shop.indomarkt.com/1926/energen-instant-cereal-schokolade-10x30g.jpg;"ENERGEN, Instant Cereal Schokolade, 10x30 g";52009;Start;4.285714;4.59;8;0
1619;https://shop.indomarkt.com/1858/sidomuncul-tolak-linu-herbal-5x15ml.jpg;"SIDOMUNCUL, Tolak Linu Herbal Drinks, 5 x 15 ml";80006;Getränke;2.336449;2.5;48;0
1617;https://shop.indomarkt.com/1856/bogasari-kunci-biru-tepung-terigu-1-kg.jpg;"KUNCI BIRU, Weizenmehl, 1 kg";13017;"Reis, Nudeln & Mehl";4.285714;4.59;13;0
1616;https://shop.indomarkt.com/1857/merbabu-sagu-tani-mehl-500g.jpg;"MERBABU, Sagu Tani Mehl, 500 g";13024;"Reis, Nudeln & Mehl";3.355140;3.59;9;0
1614;https://shop.indomarkt.com/1924/energen-instant-cereal-mungbohnen-10x30g.jpg;"ENERGEN, Instant Cereal Drinks Mungbohnen, 10x30 g";52008;Getränke;4.285714;4.59;15;0
1613;https://shop.indomarkt.com/1925/energen-instant-cereal-vanille-10x30g.jpg;"ENERGEN, Instant Cereal Vanille, 10x30 g";52007;Start;4.285714;4.59;7;0
1602;https://shop.indomarkt.com/1844/lucullus-kentjur-gemahlen-1-kg.jpg;"LUCULLUS, Kentjur gemahlen, 1 kg";16070;"Gewürze & Gewürzemischungen";14.018692;15;7;0
1601;https://shop.indomarkt.com/1842/ceres-classic-chocolate-meises-225-g.jpg;"CERES, Schokostreussel Classic, 225g";35071;Lebensmittel;3.738318;4;49;0
1600;https://shop.indomarkt.com/1845/indomie-nudeln-mit-hähnchen-zwiebeln-75-g.jpg;"INDOMIE, Hähnchen zwiebeln, 75 g";12012;"Reis, Nudeln & Mehl";0.467290;0.5;0;1
1598;https://shop.indomarkt.com/1838/golden-phoenix-mixed-cargo-rice-1kg.jpg;"GOLDEN PHOENIX, Mixed Cargo Rice 1kg";10059;"Reis, Nudeln & Mehl";3.728972;3.99;0;1
1594;https://shop.indomarkt.com/1820/indomie-instant-nudeln-mit-hähnchen-geschmack-70g.jpg;"INDOMIE, Instant-Nudeln mit Hähnchen Geschmack, 70 g";12108;"Reis, Nudeln & Mehl";0.467290;0.5;0;1
1592;https://shop.indomarkt.com/1791/finna-emping-belindjo-400g.jpg;"FINNA, Emping Belindjo, 400 g";28077;"Krupuk & Emping";4.285714;4.59;0;1
1581;https://shop.indomarkt.com/1839/idn-indonesischer-premium-kaffee-kerinci-250g.jpg;"IDN.CO, Indonesischer Premium Kaffee JAVA PREANGER, 250 g";51043;Getränke;9.149533;9.79;0;1
1579;https://shop.indomarkt.com/1773/nesia-sambal-geprek-220g.jpg;"NESIA, Chilipaste (Sambal) Geprek, 220 g";21060;"Soße, Saucen, Pasten & Öle";3.271028;3.5;19;0
1577;https://shop.indomarkt.com/1794/mayora-roma-coconut-biscuit-300-g.jpg;"ROMA, Coconut Biscuit, 300 g";32156;"Snacks & Süßwaren";1.859813;1.99;4;0
1575;https://shop.indomarkt.com/1795/mayora-super-brei-mit-hühnergeschmack-45-g.jpg;"SUPER BUBUR, Instant Porridge Hühnergeschmack, 45 g";12140;"Reis, Nudeln & Mehl";1.401869;1.5;40;0
1569;https://shop.indomarkt.com/2334/coco-mix-coconut-water-1000ml.jpg;"COCO XIM, Kokoswasser, 1000 ml";56042;Start;2.700935;2.89;1;0
1562;https://shop.indomarkt.com/1788/nesia-kroepoek-bawang-gendar-manis-pedas-200g.jpg;"NESIA, Süß&Würzig Zwiebelnchips Gendar , 200 g";32095;"Krupuk & Emping";3.271028;3.5;80;0
1559;https://shop.indomarkt.com/1776/abcsambalterasi200g.jpg;"FINNA, grüne Chilipaste, 190 g";21088;"Soße, Saucen, Pasten & Öle";3.504673;3.75;29;0
1558;https://shop.indomarkt.com/1817/healty-boy-brand-teriyaki-sosse-250-ml.jpg;"SAORI, Austernsöße, 270 ml";21087;"Soße, Saucen, Pasten & Öle";3.271028;3.5;20;0
1557;https://shop.indomarkt.com/1819/healty-boy-brand-teriyaki-sosse-250-ml.jpg;"SAORI, Teriyaki Söße, 275 ml";21086;"Soße, Saucen, Pasten & Öle";3.271028;3.5;22;0
1556;https://shop.indomarkt.com/1778/cap-ibu-soto-betawi-250g.jpg;"NESIA, Chilipaste (Sambal) Padang, 220 g";21061;"Soße, Saucen, Pasten & Öle";3.271028;3.5;12;0
1555;https://shop.indomarkt.com/1775/cap-ibu-soto-betawi-250g.jpg;"NESIA, Chilipaste (Sambal) Roa, 210 g";21084;"Soße, Saucen, Pasten & Öle";3.504673;3.75;18;0
1554;https://shop.indomarkt.com/1774/cap-ibu-soto-betawi-250g.jpg;"NESIA, Sambal Bajak, 230g";21083;Lebensmittel;3.514286;3.76;0;1
1551;https://shop.indomarkt.com/1863/nongshim-shin-ramyun-instantnudeln--120-g.jpg;"NONGSHIM, Shin Ramyun Instantnudeln, 120 g";12099;"Reis, Nudeln & Mehl";1.170000;1.25;0;1
1549;https://shop.indomarkt.com/1729/sambaloelekwindmill200gr.jpg;"Wind mill, Sambal Oelek, 200g";21023;"Soße, Saucen, Pasten & Öle";1.495327;1.6;12;0
1548;https://shop.indomarkt.com/1728/duabelibischilisaucen340ml.jpg;"DUA BELIBIS, Chilli Soße, 535 ml";21082;"Soße, Saucen, Pasten & Öle";3.448598;3.69;29;0
1545;https://shop.indomarkt.com/1821/mogu-moguedbeergeschmack-.jpg;"MOGU-MOGU, Litchigeschmack, 320 ml";56040;Getränke;1.121495;1.2;21;0
1542;https://shop.indomarkt.com/1864/mogu-moguedbeergeschmack-.jpg;"MOGU-MOGU, Melonegeschmack mit Nata de Coco, 320ml";56038;Getränke;1.121495;1.2;1;0
1540;https://shop.indomarkt.com/1688/masako-rindfleisch-extrakt-gewurz-250-gr.jpg;"ROYCO, Hühnerbrühe, 230 g";18031;"Gewürze & Gewürzemischungen";3.271028;3.5;5;0
1539;https://shop.indomarkt.com/1674/na-cetakan-tumpeng-normal.jpg;"NESIA, Tumpeng Backform, 15 cm";70045;"Küchezubehör & Pflegeprodukt";5.882353;7;12;0
1538;https://shop.indomarkt.com/1780/na-cetakan-kue-serabi.jpg;"NESIA, Cetakan Tumpeng, 10cm";70044;"Küchezubehör & Pflegeprodukt";4.201681;5;8;0
1537;https://shop.indomarkt.com/1894/roycokalduayam12x10g.jpg;"ROYCO, Rinderbrühe, 230 g";18032;"Gewürze & Gewürzemischungen";3.271028;3.5;22;0
1532;https://shop.indomarkt.com/1792/abcsambalterasi200g.jpg;"FINNA, Chilipaste mit Garnelen, 190 g";21078;"Soße, Saucen, Pasten & Öle";3.504673;3.75;31;0
1531;https://shop.indomarkt.com/1641/abcsambalterasi200g.jpg;"FINNA, Chilipaste mit Zwiebeln, 190 g";21079;"Soße, Saucen, Pasten & Öle";3.504673;3.75;66;0
1525;https://shop.indomarkt.com/1919/cap-tawon-minyak-gosok-ff-60ml.jpg;"CAP TAWON, Minyak Gosok FF, 90 ml";81014;"Obat Luar";7.142857;8.5;6;0
1524;https://shop.indomarkt.com/1679/intraserbatwangi20x225g.jpg;"INTRA, Ingwer-Milch, 5x26 g";54022;Getränke;2.336449;2.5;39;0
1521;https://shop.indomarkt.com/1669/samyang-ramen-hot-chicken-2x-spicy-140gr.jpg;"SAMYANG, Instant-Nudeln Käse Gescmack, 140 g";12138;"Reis, Nudeln & Mehl";1.448598;1.55;64;0
1520;https://shop.indomarkt.com/1634/samyang-ramen-hot-chicken-2x-spicy-140gr.jpg;"SAMYANG, Instant-Nudeln Jjajang, 140 g";12137;"Reis, Nudeln & Mehl";1.355140;1.45;20;0
1519;https://shop.indomarkt.com/1668/samyang-ramen-hot-chicken-2x-spicy-140gr.jpg;"SAMYANG, Instant-Nudeln Carbonara, 140 g";12136;"Reis, Nudeln & Mehl";1.448598;1.55;2;0
1517;https://shop.indomarkt.com/1615/nesia-krupuk-bawang-teratai-warna-250-g.jpg;"NESIA, Zwiebelnchips Talie Warna, 250 g";28090;"Krupuk & Emping";3.271028;3.5;57;0
1513;https://shop.indomarkt.com/1603/geishamakreleneindosemittomatochilliese425g.jpg;"MEGA, Sardinen in Tomatensauce, 155 g";19033;"Fertiggrichte in Dosen";1.299065;1.39;0;1
1512;https://shop.indomarkt.com/1557/capboengamungbohnenmehl120g.jpg;"CAP BOENGA, Mungbohnenmehl Hun Kwe, 120 g";13000;"Reis, Nudeln & Mehl";2.663551;2.85;60;0
1510;https://shop.indomarkt.com/1541/indomiegebratenenudeln80g.jpg;"INDOMIE, Instant-Nudeln Gemüsegeschmack, 80g";12135;"Reis, Nudeln & Mehl";0.467290;0.5;0;1
1504;https://shop.indomarkt.com/1685/bengbengschokoladewafell25x20g.jpg;"NESIA, Tape Manis, 500 g";40006;"Frisch- & Tiefkühlwaren";5.607477;6;64;0
1501;https://shop.indomarkt.com/1585/luwak-weisser-kaffe-less-sugar-10x20g.jpg;"LUWAK, weißer Kaffee, 10 x 20 g";51036;Kaffee;4.205607;4.5;28;0
1488;https://shop.indomarkt.com/1759/indomiegebratenenudeln80g.jpg;"INDOMIE, gebratene Nudeln mit Rendang Geschmack, 80 g";12036;"Reis, Nudeln & Mehl";0.467290;0.5;0;1
1485;https://shop.indomarkt.com/1559/rapindokroepoekkampoengoelangtahoen250g.jpg;"NESIA, Süß & Würzig Kartoffelnchip , 200 g";32094;"Krupuk & Emping";3.271028;3.5;23;0
1484;https://shop.indomarkt.com/2320/pondoklimpungempingmelindjo1kg.jpg;"PONDOK LIMPUNG, Emping Melindjo, 1 kg";28070;"Krupuk & Emping, Roh/Unfrittriert";8.401869;8.99;5;0
1482;https://shop.indomarkt.com/1593/duabelibischilisaucen340ml.jpg;"DUA BELIBIS, Chilli Soße, 24 x 9 g";21076;"Soße, Saucen, Pasten & Öle";3.271028;3.5;54;0
1470;https://shop.indomarkt.com/1800/abcsambalextrapedas340ml.jpg;"ABC, Chilisoße extra Scharf, 335 ml";21074;"Soße, Saucen, Pasten & Öle";2.700935;2.89;27;0
1463;https://shop.indomarkt.com/1865/mogu-moguedbeergeschmack-.jpg;"MOGU-MOGU, Kokosgeschmack mit Nata de Coco, 320ml";56036;Getränke;1.121495;1.2;48;0
1459;https://shop.indomarkt.com/1648/paldoaloe-vera-original-getränke-500ml.jpg;"Paldo, Aloe Vera Original Getränke, 500ml";56033;Getränke;1.401869;1.5;18;0
1455;https://shop.indomarkt.com/1478/idn-indonesischer-premium-kaffee-kerinci-250g.jpg;"IDN.CO, Indonesischer Premium Kaffee KERINCI, 250 g";51034;Getränke;9.149533;9.79;14;0
1432;https://shop.indomarkt.com/1612/cap-ibu-chilipaste-balado-sambal-balado-240g.jpg;"Cap Ibu, Chilipaste (Sambal) Balado, 240 g";21006;"Soße, Saucen, Pasten & Öle";3.271028;3.5;1;0
1431;https://shop.indomarkt.com/1490/bamboe-balado-gewürze-54g.jpg;"BAMBOE, Balado Würzpaste, 50 g";17106;"Gewürze & Gewürzemischungen";1.074766;1.15;0;1
1420;https://shop.indomarkt.com/1620/kobe-teigmischung-für-bakwan-75g.jpg;"KOBE, Teigmischung für Bakwan, 75 g";14000;Würzmehl-Mischungen;1.401869;1.5;0;1
1418;https://shop.indomarkt.com/1576/koepoe-koepoe-hefe-gist-korels-65g.jpg;"KOEPOE-KOEPOE, Hefe (Gist Korels), 65g";35082;Lebensmittel;1.401869;1.5;0;1
1412;https://shop.indomarkt.com/1906/munik-rendang-115g.jpg;"MUNIK, Rendang Gewürze, 115 g";17059;"Gewürze & Gewürzemischungen";4.205607;4.5;34;0
1410;https://shop.indomarkt.com/1471/luwak-black-kaffee-pulver-65g.jpg;"LUWAK, Black Kaffee Pulver, 65 g";51039;Kaffee;2.336449;2.5;118;0
1408;https://shop.indomarkt.com/1575/bogasari-mehl-segitiga-biru-1kg.jpg;"CAKRA KEMBAR, Weizenmehl, 1 kg";13021;"Reis, Nudeln & Mehl";4.285714;4.59;9;0
1407;https://shop.indomarkt.com/1574/bogasari-mehl-segitiga-biru-1kg.jpg;"SEGITIGA BIRU, Weizenmehl, 1 Kg";13022;"Reis, Nudeln & Mehl";4.285714;4.59;9;0
1401;https://shop.indomarkt.com/1498/nivo-gula-djawa-250-gr.jpg;"Nivo, Palm Zucker (Bar), 250 g";31020;"Gewürze & Gewürzemischungen";1.859813;1.99;200;0
1397;https://shop.indomarkt.com//royal-tiger-jasmin-reis-18kg.jpg;"ROYAL TIGER, Jasmin Reis, 18 kg";10016;"Reis, Nudeln & Mehl";29.906542;32;3;0
1392;https://shop.indomarkt.com/1661/bahagia-krupuk-udang-500-g.jpg;"BAHAGIA, Garnelen Chips, 500 g";28089;"Krupuk & Emping";5.140187;5.5;59;0
1391;https://shop.indomarkt.com/2245/astor-wafer-stick-roll-150-g.jpg;"ASTOR, Wafer Stick Roll, 150 g";32159;"Snacks & Süßwaren";2.429907;2.6;10;0
1389;https://shop.indomarkt.com/1548/nesia-krupuk-tahu-100-g.jpg;"UDANG MAS, Fisch Chips Palembang, 65 g";29019;"Krupuk & Emping";2.336449;2.5;85;0
1388;https://shop.indomarkt.com/1742/nesia-sapu-lidi.jpg;"NESIA, Sapu Lidi";70012;"Haushaltwaren & Souvenir";3.361345;4;12;0
1385;https://shop.indomarkt.com/1621/nesia-krupuk-bawang-teratai-warna-250-g.jpg;"NESIA, Teratai Warna Zwiebelcracker, 250 g";28088;"Krupuk & Emping";3.271028;3.5;27;0
1384;https://shop.indomarkt.com/1876/marjan-sirup-mit-maracujageschmack-markisa-460-ml.jpg;"MARJAN, Sirup mit Maracujageschmack (Markisa), 420 ml";55017;"Zucker & Syrup";4.205607;4.5;8;0
1381;https://shop.indomarkt.com/1704/ecuador-tropical-gourmet-plantain-chips-naturally-sweet-85-gr.jpg;"ECUADOR TROPICAL GOURMET, Plantain Chips Spicy, 85 g";32091;"Snacks & Süßwaren";0.925234;0.99;20;0
1377;https://shop.indomarkt.com/1676/nutrijell-jellypulver-mit-kokos-geschmack.jpg;"NUTRIJELL, Jellypulver mit Kokos-Geschmack, 15 g";35080;Lebensmittel;0.934579;1;31;0
1376;https://shop.indomarkt.com/1660/nutrijell-jellypulver-original-geschmack-15g.jpg;"NUTRIJELL, Jellypulver Original Geschmack, 15 g";35081;Lebensmittel;0.934579;1;97;0
1375;https://shop.indomarkt.com/1787/nutrijell-jellypulver-mit-litschi-geschmack.jpg;"NUTRIJELL, Jellypulver mit Litschi-Geschmack, 15 g";35083;Lebensmittel;0.934579;1;33;0
1371;https://shop.indomarkt.com/1654/masako-rindfleisch-extrakt-gewurz-250-gr.jpg;"MASAKO, Rindfleisch-Extrakt-Gewürz, 250 g";16065;Gewürze;3.738318;4;49;0
1370;https://shop.indomarkt.com/1783/masako-huhnerfleisch-extrakt-gewurz-250-gr.jpg;"MASAKO, Hühnerfleisch-Extrakt-Gewürz, 250 g";16064;Gewürze;3.738318;4;27;0
1365;https://shop.indomarkt.com/1708/healty-boy-brand-helle-sojasauce-300-ml.jpg;"HEALTHY BOY BRAND, Helle Sojasauce, 300 ml";23032;"Soße, Saucen, Pasten & Öle";1.859813;1.99;8;0
1363;https://shop.indomarkt.com/1702/healty-boy-brand-teriyaki-sosse-250-ml.jpg;"HEALTY BOY BRAND, Teriyaki Soße, 250 ml";21059;"Soße, Saucen, Pasten & Öle";2.514019;2.69;6;0
1354;https://shop.indomarkt.com/1789/kobeboncabe-level-30.jpg;"KOBE, BonCabe Chilli-Flocken lv30, 40 g";21080;"Gewürze & Gewürzemischungen";2.803738;3;93;0
1345;https://shop.indomarkt.com/1888/nesia-rengginang-salzig-200g.jpg;"NESIA, Rengginang Salzig, 200 g";28091;"Krupuk & Emping";3.271028;3.5;24;0
1340;https://shop.indomarkt.com/1562/abc-kecap-manis-275-ml.jpg;"ABC, süße scharfe Sojasauce, 275 ml";23034;"Soße, Saucen, Pasten & Öle";2.420561;2.59;26;0
1329;https://shop.indomarkt.com/1655/bamboe-gewuerzepaste-fuer-wuerzige-gebratene-reis-40-g.jpg;"BAMBOE, gebratener Reis Scharf Würzpaste, 40 g";17110;"Gewürze & Gewürzemischungen";1.074766;1.15;0;1
1328;https://shop.indomarkt.com/1656/bamboe-bumbu-mie-goreng-45-g.jpg;"BAMBOE, gebratene Nudeln Würzpaste, 45 g";17109;"Gewürze & Gewürzemischungen";1.074766;1.15;50;0
1323;https://shop.indomarkt.com/1664/dua-kelinci-shangai-erdnusse-225-g.jpg;"DUA KELINCI, Shanghai Erdnüsse Original, 200 g";32006;"Snacks & Süßwaren";1.859813;1.99;34;0
1319;https://shop.indomarkt.com/1448/nesia-sumpia-koekjes-original-150-gr.jpg;"NESIA, Sumpia Koekjes Original, 150 g";32065;"Krupuk & Emping, Frittriert";2.420561;2.59;45;0
1318;https://shop.indomarkt.com/1449/nesiasumpia-koekjes-scharf-150-gr.jpg;"NESIA, Sumpia Koekjes scharf, 150 g";32066;"Krupuk & Emping";2.420561;2.59;43;0
1313;https://shop.indomarkt.com/1447/nesia-emping-scharf-150-gr.jpg;"NESIA, Emping Melinjo scharf, 150 g";29022;"Krupuk & Emping";2.420561;2.59;12;0
1307;https://shop.indomarkt.com//frische-galanga-100gr.jpg;"Frische  Zitronengrass, 100gr";;"Frisch- & Tiefkühlwaren";1.401869;1.5;0;1
1294;https://shop.indomarkt.com/1416/samyang-ramen-hot-chicken-2x-spicy-140gr.jpg;"SAMYANG, Instant-Nudeln Ultra Scharf, 140 g";12101;"Reis, Nudeln & Mehl";1.355140;1.45;-10;1
1289;https://shop.indomarkt.com/1590/tong-tji-grune-tee-25x2gr.jpg;"TONG TJI, Grüne Tee, 25 x 2 g";50026;Getränke;2.794393;2.99;20;0
1283;https://shop.indomarkt.com/1715/maichi-kripik-pedas-level-10.jpg;"MAICIH, Cassava Chips Scharf Level 10, 100 g";32140;"Krupuk & Emping";2.514019;2.69;99;0
1282;https://shop.indomarkt.com/1793/michi-kripik-pedas-level-5.jpg;"MAICIH, Cassava Chips Scharf Level 5, 100 g";32141;"Krupuk & Emping";2.514019;2.69;54;0
1281;https://shop.indomarkt.com/1433/jeeny-s-gegrillte-trassie-in-block-250-g.jpg;"JEENY`S, gegrillte Trassie (in Block), 250 g";14439;"Gewürze & Gewürzemischungen";2.794393;2.99;0;1
1280;https://shop.indomarkt.com/1402/nesia-gebacken-rengginang-125gr.jpg;"NESIA, Gebacken Rengginang, 125 g";29000;"Krupuk & Emping";2.336449;2.5;0;1
1278;https://shop.indomarkt.com/1598/nesia-gendar-spesial-mit-knoblauch-geschmack-unfrittiert-200gr.jpg;"NESIA, Gendar Special mit Knoblauch-Geschmack, 200 g";28087;"Krupuk & Emping";3.271028;3.5;3;0
1273;https://shop.indomarkt.com/1626/nesia-palmzucker-245gr.jpg;"NESIA, Palmzucker, 245 g";31019;"Gewürze & Gewürzemischungen";1.859813;1.99;34;0
1268;https://shop.indomarkt.com/1571/longevity-kondensech-milch-397-gr.jpg;"LONGEVITY, Kondensmilch, 397 g";52006;Getränke;1.859813;1.99;4;0
1267;https://shop.indomarkt.com/1899/xo-cassava-chips-maniok-250-gr.jpg;"X.O, Cassava Chips / Maniok, 250g";32137;"Snacks & Süßwaren";2.757009;2.95;0;1
1251;https://shop.indomarkt.com/1354/monika-kokoswurfel-rot-340g.jpg;"MONIKA, Kokoswuerfel Rot, 340 g";33020;"Obst- & Erfrischungsgetränke";2.514019;2.69;29;0
1247;https://shop.indomarkt.com//royal-tiger-jasmin-reis-18-kg.jpg;"SUN CLAD, Basmati Reis, 5 kg";10021;"Reis, Nudeln & Mehl";12.149533;13;3;0
1232;https://shop.indomarkt.com/1371/golden-turtle-gebratene-schallote-200-g.jpg;"GOLDEN TURTLE, Gebratene Zwiebeln, 200 g";30003;"Fertige Gerichte";1.859813;1.99;9;0
1231;https://shop.indomarkt.com/1363/banh-trang-viet-nam-reis-papier-28cm.jpg;"Reis Papier 28cm, 500 g";10008;"Reis, Nudeln & Mehl";2.336449;2.5;5;0
1230;https://shop.indomarkt.com/1365/banh-trang-viet-nam-rice-papier-22cm.jpg;"BANH TRANG VIET NAM, Reis Papier 22cm, 500 g";10007;"Reis, Nudeln & Mehl";2.333333;2.5;0;1
1227;https://shop.indomarkt.com/1349/ada-rasa-kokos-palm-zucker-250g.jpg;"ADA RASA, Kokos Palm Zucker, 250 g";31018;"Zucker & Syrup";2.794393;2.99;13;0
1216;https://shop.indomarkt.com/1882/bamboe-gewurze-fur-gelbe-reis-50g.jpg;"BAMBOE, gelber Reis Würzpaste, 50 g";17107;"Gewürze & Gewürzemischungen";1.074766;1.15;23;0
1203;https://shop.indomarkt.com/2254/monika-kokosgelwurfel-grun-340g.jpg;"MONIKA, Kokosgelwuerfel Gruen, 340 g";33021;"Obst- & Erfrischungsgetränke";2.514019;2.69;26;0
1189;https://shop.indomarkt.com/1696/bamboe-indonesische-rindersuppe-soto-betawi.jpg;"BAMBOE, Rindersuppe (Soto Betawi) Würzpaste, 65 g";17113;"Gewürze & Gewürzemischungen";1.074766;1.15;25;0
1161;https://shop.indomarkt.com/1144/na-tampah-40cm.jpg;"Tampah 60cm, 530g";70031;"Haushaltwaren & Souvenir";12.605042;15;3;0
1156;https://shop.indomarkt.com/1173/na-cetakan-kue-serabi.jpg;"N/A, Cendol Sieb, 26cm";70011;"Küchezubehör & Pflegeprodukt";2.521008;3;0;1
1149;https://shop.indomarkt.com/1240/tong-tji-teh-tubruk-melati-80-g.jpg;"TONG TJI, Jasmin Teeblätter, 80 g";50025;Getränke;2.336449;2.5;35;0
1100;https://shop.indomarkt.com/1229/marjan-sirup-mit-moccageschmack-550ml.jpg;"MARJAN, Sirup mit Moccageschmack, 460ml";;"Zucker & Syrup";4.205607;4.5;11;0
1099;https://shop.indomarkt.com/2318/marjan-sirup-mit-rosengeschmack-550ml.jpg;"MARJAN, Sirup mit Rosengeschmack, 460 ml";55015;"Zucker & Syrup";4.205607;4.5;0;1
1092;https://shop.indomarkt.com/1298/sosro-teh-celup-heritage-jasmine-25x2g.jpg;"SOSRO, Teh Celup Heritage Jasmine, 25x2g";50022;Getränke;2.857143;3.06;0;1
1085;https://shop.indomarkt.com/1239/tong-tji-teh-celup-melati-25-x-2-g.jpg;"TONG TJI, Jasmine Teebeutel, 25 x 2 g";50023;Getränke;2.794393;2.99;82;0
1068;https://shop.indomarkt.com/1798/bon-cabe-level-15-45gr.jpg;"KOBE, BonCabe Original Chiligewürze lv 15, 45 g";21067;"Gewürze & Gewürzemischungen";2.803738;3;15;0
1055;https://shop.indomarkt.com/1133/ramen-hot-chicken-flavor-140-g.jpg;"SAMYANG, Instant-Nudeln Scharf, 140 g";12100;"Reis, Nudeln & Mehl";1.355140;1.45;0;1
1039;https://shop.indomarkt.com/1452/nivo-palmzucker-500g.jpg;"Nivo, Palm Zucker (Beutel), 500g";31017;"Gewürze & Gewürzemischungen";2.794393;2.99;0;1
1038;https://shop.indomarkt.com/1391/nivo-gula-djawa-250-gr.jpg;"Nivo, Palm Zucker (Beutel), 250 g";31014;"Gewürze & Gewürzemischungen";1.859813;1.99;52;0
1034;https://shop.indomarkt.com/1624/better-weisser-klebreis-1-kg.jpg;"BETTER, Thai Klebreis, 1 kg";10006;"Reis, Nudeln & Mehl";2.803738;3;5;0
1016;https://shop.indomarkt.com/1124/-swallow-sailing-dessert-grasgelee-540g.jpg;"SWALLOW SAILING, Dessert Grass Jelly, 540 g";36011;"Gemüse & Obst In Dosen";1.766355;1.89;14;0
1008;https://shop.indomarkt.com/1484/prima-taste-curry-la-mian-nudeln-in-aromatischer-curry-suppe-185-g.jpg;"PRIMA TASTE, CURRY La Mian Nudeln in Curry-Suppe, 178 g";12096;"Reis, Nudeln & Mehl";2.607477;2.79;0;1
999;https://shop.indomarkt.com/1122/wind-mill-tapiokamehl-400-g.jpg;"WIND MILL, Tapiokamehl, 400 g";13012;"Reis, Nudeln & Mehl";1.401869;1.5;16;0
997;https://shop.indomarkt.com/1389/wind-mill-klebreismehl-400-g.jpg;"WIND MILL, reismehl, 400 g";13011;"Reis, Nudeln & Mehl";1.401869;1.5;2;0
996;https://shop.indomarkt.com/1303/royal-tiger-reis-1-kg.jpg;"ROYAL TIGER Jasmin Reis, 1 kg";10050;"Reis, Nudeln & Mehl";2.420561;2.59;15;0
995;https://shop.indomarkt.com/1117/long-life-schnellkochende-nudeln-500-g-.jpg;"Long Life, Schnellkochnudeln, 500 g";11019;"Reis, Nudeln & Mehl";1.766355;1.89;0;1
994;https://shop.indomarkt.com/1110/kusuka-keripik-singkong-mit-cheese-burger-geschmack-200-g.jpg;"KUSUKA, Cassava Chips mit Cheese Burger Geschmack, 180 g";32038;"Snacks & Süßwaren";2.336449;2.5;20;0
992;https://shop.indomarkt.com/1118/kobe-frittiermehl-fur-knusprige-tempeh-70g.jpg;"KOBE, Tepung Tempe Kriuk, 70 g";14008;"Reis, Nudeln & Mehl";1.401869;1.5;0;1
988;https://shop.indomarkt.com/1113/cock-brand-suss-scharf-sosse-620ml.jpg;"COCK BRAND, süße Chilisauce für Huhn,  650 ml";21077;"Soße, Saucen, Pasten & Öle";3.271028;3.5;7;0
974;https://shop.indomarkt.com/981/kobeboncabeoriginalhotchiligewuerzmischung50g.jpg;"KOBE, BonCabe Original Chiligewürze lv 10, 50 g";21066;"Gewürze & Gewürzemischungen";2.803738;3;58;0
968;https://shop.indomarkt.com/1305/royal-tiger-jasmin-reis-5kg.jpg;"ROYAL TIGER, Jasmin Reis, 5 kg";10055;"Reis, Nudeln & Mehl";10.280374;11;0;1
963;https://shop.indomarkt.com/1058/maeploygelbescurrygewrz400g.jpg;"MAE PLOY, Thai Currypaste Gelb, 400 g";17090;"Gewürze & Gewürzemischungen";2.752381;2.95;2;0
958;https://shop.indomarkt.com/965/kikkomansojasauce150ml.jpg;"KIKKOMAN, Sojasoße, 150 ml";23022;"Soße, Saucen, Pasten & Öle";2.981308;3.19;6;0
941;https://shop.indomarkt.com/1043/sruutcendolsieb1set.jpg;"SRUUT, Cendol Sieb 1 Set";70008;"Küchezubehör & Pflegeprodukt";4.621849;5.5;24;0
933;https://shop.indomarkt.com/940/cocon6erpuddingerdbeer480g.jpg;"COCON, Pudding Erdbeer, 6x80g";33016;"Snacks & Süßwaren";1.859813;1.99;0;1
918;https://shop.indomarkt.com/1483/singaporelaksanuddleinaromatischerkokosnusssuppe185g.jpg;"PRIMA TASTE, LAKSA La Mian Nudeln in Kokosnuss-Suppe, 185 g";12086;"Reis, Nudeln & Mehl";2.607477;2.79;0;1
911;https://shop.indomarkt.com/1013/sruuttepungdawetcendolrasapandan100g.jpg;"SRUUT, Dawet Mehl (Cendol) Pandan, 100 g";35053;"Brot-, Kuchen-, Dessert-Zutaten";1.766355;1.89;38;0
905;https://shop.indomarkt.com/1299/rapindoschwarzerklebreis300g.jpg;"NORTH SOUTH, Schwarzer Klebreis, 400 g";10005;"Reis, Nudeln & Mehl";2.981308;3.19;7;0
892;https://shop.indomarkt.com/1092/duabelibischilisaucen340ml.jpg;"DUA BELIBIS, Chilli Soße, 340 ml";21062;"Soße, Saucen, Pasten & Öle";2.700935;2.89;-1;1
889;https://shop.indomarkt.com/1564/abckecappedas275ml.jpg;"ABC, süße Sojasauce, 275 ml";23023;"Soße, Saucen, Pasten & Öle";2.336449;2.5;17;0
877;https://shop.indomarkt.com/884/abcsambalterasi200g.jpg;"ABC, Chilipaste mit Garnelen, 180 g";21073;"Soße, Saucen, Pasten & Öle";3.635514;3.89;88;0
867;https://shop.indomarkt.com/1497/bangokecapmanisrefill600ml.jpg;"BANGO, süße Sojasauce Refill, 550 ml";23025;"Soße, Saucen, Pasten & Öle";4.285714;3.59;29;0
844;https://shop.indomarkt.com/851/bengbengschokoladewafell25x20g.jpg;"BENG-BENG, Schokolade Waffel, 20 x 20 g";32004;"Snacks & Gepickelte Lebensmittel";7.009346;7.5;12;0
840;https://shop.indomarkt.com/1604/rapindobijidelimasagostbchen100g.jpg;"NESIA, Biji Delima, 100 g";35067;"Brot-, Kuchen-, Dessert-Zutaten";0.934579;1;0;1
837;https://shop.indomarkt.com/1904/rapindokloeweknoten100g.jpg;"NESIA, Kloewek Noten, 100 g";35069;"Gewürze & Gewürzemischungen";3.271028;3.5;19;0
789;https://shop.indomarkt.com/1070/goldenchefmungbohnen400gr.jpg;"GOLDEN CHEF, Mung Bohnen, 400 g";15003;Lebensmittel;1.766355;1.89;6;0
788;https://shop.indomarkt.com/795/goldenchefgeteiltmungbohnen400gr.jpg;"GOLDEN CHEF, Geteilte Mung Bohnen, 400 g";15001;Lebensmittel;1.859813;1.99;0;1
778;https://shop.indomarkt.com/782/koepoekoepoevx40g.jpg;"KOEPOE-KOEPOE, VX, 45 g";35016;Lebensmittel;1.775701;1.9;19;0
761;https://shop.indomarkt.com/765/tictacpilusoriginal100g.jpg;"TICTAC, Pilus Original, 100 g";32123;"Snacks & Süßwaren";0.925234;0.99;31;0
759;https://shop.indomarkt.com/1658/finnafischchipsoei500g.jpg;"FINNA, Fisch Chips Oei, 500 g";28019;"Krupuk & Emping";7.009346;7.5;64;0
758;https://shop.indomarkt.com/1659/finnagarnelenchipsoei500g.jpg;"FINNA, Garnelen Chips Oei, 500 g";28020;"Krupuk & Emping";7.009346;7.5;48;0
753;https://shop.indomarkt.com/757/sosrotehbotoljasmineteeinpackung1l.jpg;"SOSRO, Teh Botol, Jasmine Tee in Packung, 1l";50013;Getränke;2.428571;2.89;52;0
749;https://shop.indomarkt.com/1825/karakokosmilch500ml.jpg;"KARA, Kokosmilch UHT, 500 ml";20009;"Kokosmilch & Kokosraspel";2.616822;2.8;0;1
748;https://shop.indomarkt.com/1872/karakokosmilch200ml.jpg;"KARA, Kokosmilch UHT, 200 ml";20007;"Kokosmilch & Kokosraspel";1.859813;1.99;0;1
746;https://shop.indomarkt.com/750/moriscalayersnackmitpandangeschmack365g.jpg;"MORISCA, Schichtkuchen mit Pandan Geschmack, 365 g";32048;"Snacks & Süßwaren";3.271028;3.5;0;1
745;https://shop.indomarkt.com/749/rapindobijiselasih100g.jpg;"NESIA, Biji Selasih, 100 g";35049;Lebensmittel;1.859813;1.99;57;0
730;https://shop.indomarkt.com/734/kusukacassavachipsmitalgengeschmack200g.jpg;"KUSUKA, Cassava Chips mit Algen Geschmack, 180 g";32042;"Snacks & Süßwaren";2.336449;2.5;0;1
728;https://shop.indomarkt.com/1103/sedapwangisojasauceenglisch300ml.jpg;"SEDAP WANGI, Sojasauce Englisch, 300 ml";23017;"Soße, Saucen, Pasten & Öle";3.728972;3.99;12;0
726;https://shop.indomarkt.com/730/knorrmaismehl420g.jpg;"KNORR, Maisstärke, 420g";13013;"Reis, Nudeln & Mehl";2.371429;2.54;21;0
720;https://shop.indomarkt.com/724/caplangminyaktelon60ml.jpg;"CAP LANG, Telonöl, 60 ml";81003;"Küchezubehör & Pflegeprodukt";3.017241;3.59;5;0
719;https://shop.indomarkt.com/723/chaokohkokosmilch250ml.jpg;"CHAOKOH, Kokosmilch, 250ml";20005;"Kokosmilch & Kokosraspel";1.579439;1.69;19;0
710;https://shop.indomarkt.com/714/kusukacassavachipsmitbarbequegeschmack200g.jpg;"KUSUKA, Cassava Chips mit Barbeque Geschmack, 180 g";32036;"Snacks & Süßwaren";2.336449;2.5;0;1
704;https://shop.indomarkt.com/708/productofthailandasamtamarind400g.jpg;"THAI DANCER, Asam (Tamarind), 400 g";12541;"Gewürze & Gewürzemischungen";2.514019;2.69;11;0
696;https://shop.indomarkt.com/700/moriscalayersnackoriginal365g.jpg;"MORISCA, Schichtkuchen Original, 365 g";32047;"Snacks & Süßwaren";3.271028;3.5;10;0
692;https://shop.indomarkt.com/2253/intra-serbat-wangi-20x225g.jpg;"INTRA, Serbat Wangi, 20x22, 5 g";54004;Getränke;4.663551;4.99;31;0
682;https://shop.indomarkt.com/686/bamboerinderleberinchili54g.jpg;"BAMBOE, Rinderleber in Chili (Sambel Goreng Ati) Würzpaste, 54 g";17017;"Gewürze & Gewürzemischungen";1.074766;1.15;43;0
681;https://shop.indomarkt.com/1609/bamboewrzmischungfrsemurindonesischerindersuppe69g.jpg;"BAMBOE, Semur Würzpaste, 69 g";17019;"Gewürze & Gewürzemischungen";1.074766;1.15;20;0
679;https://shop.indomarkt.com/1692/bamboeindonesischecurrysuppegulai35g.jpg;"BAMBOE, Indonesische Currysuppe (Gulai) Würzpaste, 35 g";17010;"Gewürze & Gewürzemischungen";1.074766;1.15;43;0
678;https://shop.indomarkt.com/1097/bamboessauerevegetarischesuppemittamarindesayurasem60g.jpg;"BAMBOE, süß saure vegetarische Suppe (Sayur Asem) Würzpaste, 60 g";17018;"Gewürze & Gewürzemischungen";1.074766;1.15;35;0
677;https://shop.indomarkt.com/681/bamboeindonesischegelbehhnchensuppesotoayam40g.jpg;"BAMBOE, gelbe Hänchensuppe Würzpaste (Soto Ayam), 40 g";17021;"Gewürze & Gewürzemischungen";1.074766;1.15;0;1
672;https://shop.indomarkt.com/676/aroydkokosnussmilchimtetrapack1000ml.jpg;"AROY-D, Kokosmilch im Karton, 1000 ml";20002;"Kokosmilch & Kokosraspel";3.355140;3.59;8;0
665;https://shop.indomarkt.com/669/koepoekoepoebacksoda81gr.jpg;"KOEPOE-KOEPOE, Backsoda, 81 g";35013;Lebensmittel;1.401869;1.5;17;0
661;https://shop.indomarkt.com/1059/megasardinetomsauce155g.jpg;"MEGA, Sardine in Chili - Tomatensoße, 155 g";19035;"Fertige Gerichte";1.299065;1.39;0;1
657;https://shop.indomarkt.com/2343/longkousounvermicelli500g.jpg;"LONGKOU, Glasnudeln Erbsen, 500 g";11011;"Reis, Nudeln & Mehl";2.514019;2.69;2;0
654;https://shop.indomarkt.com/1828/kusukacassavachipsmitbaladogeschmack200gr.jpg;"KUSUKA, Cassava Chips mit Balado Geschmack, 180 g";32034;"Snacks & Süßwaren";2.336449;2.5;11;0
647;https://shop.indomarkt.com/1573/rapindorohcrackergadogado250gr.jpg;"NESIA, Gado-Gado Chips Roh, 250 g";28031;"Krupuk & Emping";3.271028;3.5;42;0
645;https://shop.indomarkt.com/1614/rapindodorfchipsrawon250gr.jpg;"NESIA, Zwiebel Chips Rawon, 250 g";28045;"Krupuk & Emping";3.271028;3.5;32;0
643;https://shop.indomarkt.com/647/chaokohkokosmilch1000ml.jpg;"CHAOKOH, Kokosmilch, 1l";20006;Lebensmittel;3.355140;3.59;11;0
620;https://shop.indomarkt.com/624/abckecapmanis6kg.jpg;"ABC, süße Sojasöße 6kg (4,3L)";23007;"Soße, Saucen, Pasten & Öle";17.289720;18.5;0;1
619;https://shop.indomarkt.com/623/suncladbasmatireis1kg.jpg;"SUN CLAD, Basmati Reis, 1 kg";10020;"Reis, Nudeln & Mehl";2.794393;2.99;10;0
600;https://shop.indomarkt.com/604/capratuabonsapi100g.jpg;"CAP RATU, Rinder-Abon (getrocknetes kleingemachtes Fleisch), 90g";;"Fertige Gerichte";2.803738;3;20;0
590;https://shop.indomarkt.com/594/longkousounvermicelli100g.jpg;"LONGKOU, Glasnudeln 100 g";11009;"Reis, Nudeln & Mehl";0.925234;0.99;13;0
588;https://shop.indomarkt.com/592/rapindosssehefefrmaniok100g.jpg;"NESIA, Ragi Tape Manis (Hefe), 100 g";35041;Lebensmittel;1.859813;1.99;38;0
581;https://shop.indomarkt.com/2234/tingtingjahegemberbonbons40gr.jpg;"SINA, Ingwer Bonbons, 40 g";34006;"Snacks & Süßwaren";1.401869;1.5;0;1
550;https://shop.indomarkt.com/554/longkousounvermicelli250g.jpg;"LONGKOU, Glasnudeln 250 g";11010;"Reis, Nudeln & Mehl";1.205607;1.29;4;0
544;https://shop.indomarkt.com/548/atoombulaneiernudeln200g.jpg;"CAP ATOOM BULAN, Eier Nudeln, 200 g";11000;"Reis, Nudeln & Mehl";1.485981;1.59;62;0
527;https://shop.indomarkt.com/531/garudaerdnsseungeschlt250g.jpg;"GARUDA, geröstete Erdnüsse ungeschält, 200 g";32131;"Snacks & Süßwaren";2.102804;2.25;25;0
520;https://shop.indomarkt.com/524/sambaloelekwindmill750gr.jpg;"WIND MILL, Sambal Oelek, 750 g";21025;"Soße, Saucen, Pasten & Öle";2.514019;2.69;0;1
516;https://shop.indomarkt.com/520/sambaloelekwindmill200gr.jpg;"WIND MILL, Chillipaste Oelek, 200 g";21023;"Soße, Saucen, Pasten & Öle";1.495327;1.6;-1;1
514;https://shop.indomarkt.com/1109/squidbrandfischsauce300ml.jpg;"SQUID BRAND, Fisch Sauce, 300ml";24003;"Soße, Saucen, Pasten & Öle";1.869159;2;2;0
511;https://shop.indomarkt.com/515/maekruaoystersauce300ml.jpg;"MAEKRUA, Austernsoße, 300 ml";24001;"Fisch- & Meeresfrüchtesosse";2.233645;2.39;6;0
507;https://shop.indomarkt.com/511/sambaloelekwindmill370gr.jpg;"WIND MILL, Chilipaste Sambel Oelek, 370 g";21024;"Soße, Saucen, Pasten & Öle";2.046729;2.19;11;0
493;https://shop.indomarkt.com/497/karangsarisambalpecelpedas200g.jpg;"KARANGSARI, Erdnusssoße scharf, 200 g";22005;"Soße, Saucen, Pasten & Öle";1.859813;1.99;144;0
492;https://shop.indomarkt.com/496/karangsarisambelpeceltidakpedas200g.jpg;"KARANGSARI, Erdnusssoße nicht scharf, 200 g";22007;"Soße, Saucen, Pasten & Öle";1.859813;1.99;130;0
491;https://shop.indomarkt.com/495/karangsari-erdnusssauce-mittelscharf-200g.jpg;"KARANGSARI, Erdnusssoße Mittelscharf, 200 g";22006;"Soße, Saucen, Pasten & Öle";1.859813;1.99;155;0
483;https://shop.indomarkt.com/1647/kobetepungbumbupisanggoreng90gr.jpg;"KOBE, Teigmischung für gebratene Bananen, 75 g";14007;Würzmehl-Mischungen;1.401869;1.5;37;0
482;https://shop.indomarkt.com/486/kobebumbukalasan80g.jpg;"KOBE, Kalasan Gewürz, 35 g";14002;"Gewürze & Gewürzemischungen";0.925234;0.99;0;1
471;https://shop.indomarkt.com/1801/abcsambalmanispedas340ml.jpg;"ABC, Chilisauce Scharf & Süß, 335 ml";21064;"Soße, Saucen, Pasten & Öle";2.700935;2.89;0;1
470;https://shop.indomarkt.com/1797/abcsambalasli340ml.jpg;"ABC, Chilisoße Original, 335 ml";21072;"Soße, Saucen, Pasten & Öle";2.700935;2.89;26;0
464;https://shop.indomarkt.com/1563/kecapmanisbango275ml.jpg;"BANGO, süße Sojasauce, 275 ml";23009;"Soße, Saucen, Pasten & Öle";2.700000;2.89;26;0
460;https://shop.indomarkt.com/464/bangokecapmanis620ml.jpg;"BANGO, süße Sojasauce, 620 ml";23010;"Soße, Saucen, Pasten & Öle";4.663551;4.99;29;0
458;https://shop.indomarkt.com/462/abcsalzigesojasoeasin600ml.jpg;"ABC, salzige Sojasoße, 600 ml";23008;"Soße, Saucen, Pasten & Öle";3.355140;3.59;0;1
451;https://shop.indomarkt.com/455/swallowglobebrandagaragarpulverwei12g.jpg;"SWALLOW GLOBE, Agar-Agar Pulver Ohne Farbe, 7 g";35044;Lebensmittel;1.401869;1.5;38;0
450;https://shop.indomarkt.com/1871/swallowglobeagaragarpulvergrnerfarbe12g.jpg;"SWALLOW GLOBE, Agar-Agar Pulver Grünefarbe, 7 g";35046;Lebensmittel;1.401869;1.5;47;0
449;https://shop.indomarkt.com/1869/swallowglobeagaragarpulverroterfarbe12g.jpg;"SWALLOW GLOBE, Agar-Agar Pulver Roterfarbe, 7 g";35048;Lebensmittel;1.401869;1.5;17;0
448;https://shop.indomarkt.com/1814/pindakaaserdnusspaste350g.jpg;"PINDAKAAS, Erdnuss paste, 350 g";22008;"Soße, Saucen, Pasten & Öle";2.336449;2.5;2;0
447;https://shop.indomarkt.com/1815/pindakaaserdnusspaste500g.jpg;"PINDAKAAS, Erdnuss paste, 500 g";22009;"Soße, Saucen, Pasten & Öle";3.271028;3.5;11;0
445;https://shop.indomarkt.com/449/morjonsardinellaindertomatensoe410g.jpg;"MORJON, Sardinella in der Tomatensoße, 425 g";19011;"Fertiggrichte in Dosen";2.700935;2.89;-4;1
444;https://shop.indomarkt.com/448/morjonsardinellaindertomatensoe215g.jpg;"MORJON, Sardinella in der Tomatensoße, 215 g";19010;"Fertiggrichte in Dosen";1.766355;1.89;9;0
434;https://shop.indomarkt.com/438/intraminumanjaheinstant450g.jpg;"INTRA, Instant Ginger Drink, 20x22, 5 g";54005;Kraütergetränke;4.672897;5;52;0
430;https://shop.indomarkt.com/434/sariwangitehcelup25pcs475gr.jpg;"SARIWANGI, Teebeutel, 25 x 2 g";50008;Getränke;2.794393;2.99;31;0
428;https://shop.indomarkt.com/432/kobemehlfrkentuckyoriginal150g.jpg;"KOBE, Mehl für Kentucky Original, 150 g";14004;"Reis, Nudeln & Mehl";1.766355;1.89;7;0
426;https://shop.indomarkt.com/430/kepaladjenggotjasminetea25pcs50gr.jpg;"KEPALA DJENGGOT, Jasmine Tee, 25x2g";50004;Getränke;3.271028;3.5;0;1
420;https://shop.indomarkt.com/424/sosrotehbotoljasminetea250ml.jpg;"SOSRO, Teh Botol Jasmin Tee, 250 ml";50011;Getränke;0.714286;0.85;350;0
403;https://shop.indomarkt.com/407/heuschenschroufflffelausholzfrreis23cm.jpg;"H & S, Löffel aus Holz, 23cm";70003;"Küchezubehör & Pflegeprodukt";1.680672;2;4;0
396;https://shop.indomarkt.com/400/marjanmelonsirupgeschmack630ml.jpg;"MARJAN, Sirup mit Honigmelonengeschmack, 460 ml";55007;"Zucker & Syrup";4.205607;4.5;26;0
393;https://shop.indomarkt.com/397/abccupnoodlesotochickenflavor60g.jpg;"ABC, Instant-Nudeln Hähnchensuppe Geschmack (Soto), 60 g";12003;"Reis, Nudeln & Mehl";1.121495;1.2;0;1
387;https://shop.indomarkt.com/391/abccupnoodleonionchickenflavor60g.jpg;"ABC, Instant-Nudeln Zwiebel Huhn Geschmack, 60 g";12000;"Reis, Nudeln & Mehl";1.121495;1.2;3;0
386;https://shop.indomarkt.com/390/abccupnoodlebeefflavor60g.jpg;"ABC, Instant-Nudeln Rinder Geschmack, 60 g";12001;"Reis, Nudeln & Mehl";1.121495;1.2;1;0
380;https://shop.indomarkt.com/384/indomiegebratenenudeln80g.jpg;"INDOMIE, Gebratene Nudeln, 80 g";12034;"Reis, Nudeln & Mehl";0.467290;0.5;-1;1
322;https://shop.indomarkt.com/326/krupukikanpalembangcapwayang250gr.jpg;"CAP WAYANG, Thunfisch Crackers Palembang Mini, 250 g";14467;"Krupuk & Emping";3.738318;4;102;0
303;https://shop.indomarkt.com/307/caplangminyakkayuputih120ml.jpg;"CAP LANG, Kajeputöl, 120 ml";81002;"Küchezubehör & Pflegeprodukt";5.462185;6.5;28;0
302;https://shop.indomarkt.com/1717/bintangtimbangangekochtejamufrgesunde100g.jpg;"Jamu (indonesische traditionelle Medizin), 100 g";54009;Kraütergetränke;2.420561;2.59;3;0
300;https://shop.indomarkt.com/304/bengbengschokoladenwafell20g.jpg;"BENG-BENG, Schokoladenwaffel, 20 g";32003;"Snacks & Gepickelte Lebensmittel";0.373832;0.4;94;0
290;https://shop.indomarkt.com/290/tjingtjaubalsem36g.jpg;"TJIN TJAU, Balsam, 36 g";81006;"Küchezubehör & Pflegeprodukt";3.781513;4.5;41;0
289;https://shop.indomarkt.com/1032/balpirikbalsemgosokextrakuat20g.jpg;"BALPIRIK, extra starker Balsam, 20 g";81007;"Küchezubehör & Pflegeprodukt";2.941176;3.5;5;0
288;https://shop.indomarkt.com/1035/caplangminyakkayuputih60ml.jpg;"CAP LANG, Kajeputöl, 60 ml";81001;"Küchezubehör & Pflegeprodukt";3.352941;3.99;30;0
287;https://shop.indomarkt.com/287/eaglebrandminyakangin24ml.jpg;"CAP LANG, Medizinisches Öl, 24 ml";81000;"Küchezubehör & Pflegeprodukt";5.042017;6;12;0
283;https://shop.indomarkt.com/283/marjanboudoinmitcocopandanaromatisiertersirup630ml.jpg;"MARJAN, Sirup mit Cocopandangeschmack, 420 ml";55006;"Zucker & Syrup";4.205607;4.5;35;0
280;https://shop.indomarkt.com/280/sidomuncultolakangin12x15ml.jpg;"SIDOMUNCUL, Tolak Angin, 12 x 15 ml";80000;Getränke;4.621849;5.5;42;0
262;https://shop.indomarkt.com/1870/swallowglobeagaragarpulverbraun12g.jpg;"SWALLOW GLOBE, Agar-Agar Pulver braun, 7 g";35045;Lebensmittel;1.401869;1.5;23;0
259;https://shop.indomarkt.com/259/koepoekoepoebackhilfsmittelovalett30g.jpg;"KOEPOE-KOEPOE, Back-Hilfsmittel Ovalett, 30 g";35012;Lebensmittel;1.635514;1.75;6;0
257;https://shop.indomarkt.com/257/koepoekoepoebackhilfsmitteltbm80g.jpg;"KOEPOE-KOEPOE, Back-Hilfsmittel TBM, 80 g";35009;Lebensmittel;2.289720;2.45;5;0
255;https://shop.indomarkt.com/1291/koepoekoepoearomapastapandan30ml.jpg;"KOEPOE-KOEPOE, Aroma Pasta Pandan, 25 ml";35005;Lebensmittel;1.775701;1.9;70;0
252;https://shop.indomarkt.com/252/kopikomilkokaffeeundmilchbonbon150g.jpg;"KOPIKO, Cappuccino-Bonbon, 150 g";34011;Bon-bon;1.859813;1.99;0;1
247;https://shop.indomarkt.com/247/karanatadecocomitvanillegeschmack220ml.jpg;"KARA, Nata de coco Vanille, 220 ml";33007;"Frische Nachtisch";1.121495;1.2;0;1
245;https://shop.indomarkt.com/1832/tictacpilusmitgerstetemrinder100g.jpg;"TICTAC, Pilus mit Geröstetem Rinder, 100 g";32118;"Snacks & Süßwaren";0.925234;0.99;49;0
244;https://shop.indomarkt.com/244/tictacpilusalgengeschmackt100g.jpg;"TICTAC, Pilus Algen Geschmack, 100 g";32117;"Snacks & Süßwaren";0.925234;0.99;37;0
243;https://shop.indomarkt.com/1831/tictacpilusscharfes100g.jpg;"TICTAC, Pilus Scharfes, 100g";32116;"Snacks & Süßwaren";0.925234;0.99;43;0
242;https://shop.indomarkt.com/1833/tictacpilushhnchenknoblauchgeschmack100g.jpg;"TICTAC, Pilus gegrilltes Hähnchen-Knoblauch, 100 g";32083;"Snacks & Süßwaren";0.925234;0.99;60;0
233;https://shop.indomarkt.com/1549/kusukacassavachipsmitsweetcorngeschmack200g.jpg;"KUSUKA, Cassava Chips mit Sweet Corn Geschmack 200g";32045;"Snacks & Süßwaren";2.380952;2.55;0;1
225;https://shop.indomarkt.com/225/ardanitempechips180g.jpg;"ARDANI, Tempe Chips, 150 g";32000;"Snacks & Süßwaren";1.953271;1.29;76;0
222;https://shop.indomarkt.com/222/capwayangarenzucker250g.jpg;"CAP WAYANG, Aren Zucker, 250 g";14757;Lebensmittel;2.757009;2.95;102;0
217;https://shop.indomarkt.com/1689/rapindokrupukkampoenggarnelen6cm250g.jpg;"NESIA, Garnelenchips 6 cm, 250 g";28050;"Krupuk & Emping";3.271028;3.5;0;1
216;https://shop.indomarkt.com/1691/rapindokrupukkampoenggarnelen4cm250g.jpg;"NESIA, Garnelenchips 4 cm, 250 g";28049;"Krupuk & Emping";3.271028;3.5;18;0
215;https://shop.indomarkt.com/1617/rapindokrupukkampoengterataimas250g.jpg;"NESIA, Krupuk Kampoeng Teratai Mas, 250 g";28047;"Krupuk & Emping";3.271028;3.5;43;0
211;https://shop.indomarkt.com/1616/rapindokroepoekkampoengoelangtahoen250g.jpg;"NESIA, Kroepoek Kampoeng Oelang Tahoen, 250 g";28048;"Krupuk & Emping";3.271028;3.5;29;0
208;https://shop.indomarkt.com/208/asianboygebrateneschalotte200g.jpg;"ASIAN BOY, gebratene Schalotten, 200 g";30018;"Fertige Gerichte";2.336449;2.5;0;1
207;https://shop.indomarkt.com/207/rapindoseroendengkampoeng250g.jpg;"NESIA, Seroendeng Kampoeng, 250 g";30017;"Feriggerichte, keine Konserven";2.794393;2.99;32;0
204;https://shop.indomarkt.com/204/udangmasgarnelencracker80g.jpg;"UDANG MAS, Garnelen Cracker, 80 g";29007;"Krupuk & Emping";1.205607;1.29;23;0
199;https://shop.indomarkt.com/1443/rapindosemping150gr.jpg;"NESIA, Emping Melinjo süß, 150 g";29021;"Krupuk & Emping, Frittriert";2.420561;2.59;23;0
198;https://shop.indomarkt.com/198/capwayangverschidenefarbefischchipsauspalembang250g.jpg;"CAP WAYANG, bunte Thunfisch Crackers Palembang, 250 g";14461;"Krupuk & Emping";3.738318;4;114;0
193;https://shop.indomarkt.com/193/heuschenschroufferdnsseohneschale500g.jpg;"H&S, Erdnüsse ohne Schale, 500g";;"Rohnüsse & Getrocknete Pilze";2.794393;2.99;0;1
190;https://shop.indomarkt.com/190/renukakokosraspeln500g.jpg;"RENUKA, Kokosraspeln, 500g";20014;Lebensmittel;3.728972;3.99;13;0
188;https://shop.indomarkt.com/1892/goldenturtleerdnssemitschale500g.jpg;"Golden Turtle, Erdnüsse geschält mit Haut, 1kg";15004;"Rohnüsse & Getrocknete Pilze";4.663551;4.99;5;0
180;https://shop.indomarkt.com/1887/rapindokerupukkampoengtaliemas250g.jpg;"NESIA, Kroepoek Talie Mas, 250 g";28043;"Krupuk & Emping";3.271028;3.5;26;0
175;https://shop.indomarkt.com/175/heuschenschrouffsushimatteinklholzlffel.jpg;"Sushi Matte inkl. Holzloeffel, 75 g";27006;"Sushi Zutaten";2.100840;2.5;20;0
171;https://shop.indomarkt.com/171/bluebandmargarine250g.jpg;"BLUE BAND, Margarine, 250 g";25000;"Brot-, Kuchen-, Dessert-Zutaten";3.355140;3.59;71;0
165;https://shop.indomarkt.com/1597/hisamitsusalonpashotrd1sachetisi12lembar.jpg;"HISAMITSU, Salonpas Hot, 12 Blätter";82001;"Küchezubehör & Pflegeprodukt";2.100840;2.5;49;0
160;https://shop.indomarkt.com/160/springhometyjspringrollspastryinhalt40stk215mmx215mm550gr.jpg;"SPRING HOME, Tyj Springrolls pastry, 40stk (215mm), 550 g";39016;"Frisch- & Tiefkühlwaren";2.616822;2.8;17;0
159;https://shop.indomarkt.com/159/heuschenschroufftsingtaospringrolls15grx60pcs900gr.jpg;"H & S, Tsingtao Frühlingsrollen, 60x15g, 900g";39015;Tiefkühlwaren;3.728972;3.99;3;0
145;https://shop.indomarkt.com/145/abcsssesojasauce135ml.jpg;"ABC, süße Sojasoße, 135 ml";23003;"Soße, Saucen, Pasten & Öle";1.766355;1.89;0;1
126;https://shop.indomarkt.com/1587/jeenyspetisgarnelen240g.jpg;"JEENY`S, Petis Garnelen, 240 g";18006;"Gewürze & Gewürzemischungen";2.700935;2.89;48;0
99;https://shop.indomarkt.com/1881/bamboerinderhhnschensuppesop49g.jpg;"BAMBOE, Rinder/Hähnchen Suppe (SOP) Würzpaste, 49 g";17020;"Gewürze & Gewürzemischungen";1.074766;1.15;33;0
98;https://shop.indomarkt.com/1625/bamboefertigwrzmischungrendangscharferinderfleisch35g.jpg;"BAMBOE, Rendang Würzpaste, 35 g";17016;"Gewürze & Gewürzemischungen";1.074766;1.15;70;0
97;https://shop.indomarkt.com/1879/bamboeostjavanischerindersupperawon54g.jpg;"BAMBOE, ostjavanische Rindersuppe (Rawon), 54 g";17015;"Gewürze & Gewürzemischungen";1.074766;1.15;0;1
96;https://shop.indomarkt.com/1878/bamboeweicurrysuppeopor36g.jpg;"BAMBOE, Weißcurrysuppe (Opor) Würzpaste, 36 g";17014;"Gewürze & Gewürzemischungen";1.074766;1.15;2;0
95;https://shop.indomarkt.com/1493/bamboeindonesischergebratenerreisnasigoreng40g.jpg;"BAMBOE, gebratener Reis Würzpaste, 40 g";17013;"Gewürze & Gewürzemischungen";1.074766;1.15;31;0
94;https://shop.indomarkt.com/1690/bamboefertigwrzmischungfrlodehbuntgemseinkokosnusssoe54g.jpg;"BAMBOE, Lodeh (Buntgemüse in Kokossauce) Würzpaste, 54 g";17012;"Gewürze & Gewürzemischungen";1.074766;1.15;12;0
93;https://shop.indomarkt.com/1492/bamboekaregewrze36g.jpg;"BAMBOE, Javanische Curry Paste, 36 g";17011;"Gewürze & Gewürzemischungen";1.074766;1.15;68;0
92;https://shop.indomarkt.com/1883/bamboerujaksoefrgegrillteshnchenbumburujak49g.jpg;"BAMBOE, Rujaksoße für gegrilltes Hähnchen, 46 g";17009;"Gewürze & Gewürzemischungen";1.074766;1.15;38;0
91;https://shop.indomarkt.com/1699/bamboebalinesischesoe49g.jpg;"BAMBOE, Balinesische Gewuerze, 49 g";17008;"Gewürze & Gewürzemischungen";1.074766;1.15;17;0
90;https://shop.indomarkt.com/1488/bamboeindonesischesgebrateneshhnchen33g.jpg;"BAMBOE, gebratenes Huhn Würzpaste, 33 g";17007;"Gewürze & Gewürzemischungen";1.074766;1.15;1;0
84;https://shop.indomarkt.com/84/h-s-tempe-400gr.jpg;"H & S, Tempe, 400 g";38013;"Frisch- & Tiefkühlwaren";1.728972;1.85;24;0
60;https://shop.indomarkt.com/60/dorfchipsmiebesarcapwayang250gr.jpg;"CAP WAYANG, Nudelcracker, 250 g";14459;"Krupuk & Emping";3.728972;3.99;65;0
58;https://shop.indomarkt.com/1601/chaokokyounggreenjackfruit560gr.jpg;"CHAOKOH, Junge grüne Jackfrucht, 560 g";19004;"Gemüse & Obst In Dosen";2.046729;2.19;36;0
54;https://shop.indomarkt.com/1723/smilingfishgebratenemakrelemitchilisoe155g.jpg;"SMILING FISH, Gebratene Makrele mit Chili Söße, 155 g";13062;"Fertiggrichte in Dosen";1.112150;1.19;0;1
43;https://shop.indomarkt.com/1903/kobesupercrispy90g.jpg;"KOBE, Kentucky Super Crispy, 75 g";14006;Würzmehl-Mischungen;1.401869;1.5;-3;1
27;https://shop.indomarkt.com/1713/rapindodorfcrackersmiebesar250g.jpg;"NESIA, Dorf Crackers Mie Besar, 250 g";28037;"Krupuk & Emping";3.271028;3.5;63;0
17;https://shop.indomarkt.com/1486/abckecapmanisbotolkaca620ml.jpg;"ABC, süße Sojasoße, 620 ml";23035;"Soße, Saucen, Pasten & Öle";3.728972;3.99;22;0
16;https://shop.indomarkt.com/1082/marjanlycheesyrupgeschmack630ml.jpg;"MARJAN, Sirup mit Litchigeschmack 460 ml";55014;"Zucker & Syrup";4.205607;4.5;12;0
15;https://shop.indomarkt.com/1583/luculluskemiri1kg.jpg;"LUCULLUS, Kemirinuss, 1 kg";16011;"Gewürze & Gewürzemischungen";9.813084;10.5;5;0
12;https://shop.indomarkt.com/12/karanatadecocomitcocopandangeschmack220ml.jpg;"KARA, Nata de coco Cocopandan, 220 ml";33003;Getränke;1.121495;1.2;0;1
11;https://shop.indomarkt.com/1813/karanatadecocomitmanggogeschmack220ml.jpg;"KARA, Nata de coco Manggo, 220 ml";33005;"Frische Nachtisch";1.008402;1.2;1;0
9;https://shop.indomarkt.com/1456/karanatadecocomitlycheegeschmack220ml.jpg;"KARA, Nata de coco Litschi, 220 ml";33004;"Frische Nachtisch";1.121495;1.2;1;0
