"EXTF";700;21;"Buchungsstapel";9;20220618163647000;;"FL";"";"";;;;4;20220618;20220618;"Buchungen";"";1;0;1;"EUR";;;;;;;;;
Umsatz (ohne Soll/Haben-Kz);Soll/Haben-Kennzeichen;WKZ Umsatz;Kurs;Basis-Umsatz;WKZ Basis-Umsatz;Konto;Gegenkonto (ohne BU-Schlüssel);BU-Schlüssel;Belegdatum;Belegfeld 1;Belegfeld 2;Skonto;Buchungstext;Postensperre;Diverse Adressnummer;Geschäftspartnerbank;Sachverhalt;Zinssperre;Beleglink;Beleginfo - Art 1;Beleginfo - Inhalt 1;Beleginfo - Art 2;Beleginfo - Inhalt 2;Beleginfo - Art 3;Beleginfo - Inhalt 3;Beleginfo - Art 4;Beleginfo - Inhalt 4;Beleginfo - Art 5;Beleginfo - Inhalt 5;Beleginfo - Art 6;Beleginfo - Inhalt 6;Beleginfo - Art 7;Beleginfo - Inhalt 7;Beleginfo - Art 8;Beleginfo - Inhalt 8;KOST1 - Kostenstelle;KOST2 - Kostenstelle;Kost-Menge;EU-Land u. UStID;EU-Steuersatz;Abw. Versteuerungsart;Sachverhalt L+L;Funktionsergänzung L+L;BU 49 Hauptfunktionstyp;BU 49 Hauptfunktionsnummer;BU 49 Funktionsergänzung;Zusatzinformation - Art 1;Zusatzinformation- Inhalt 1;Zusatzinformation - Art 2;Zusatzinformation- Inhalt 2;Zusatzinformation - Art 3;Zusatzinformation- Inhalt 3;Zusatzinformation - Art 4;Zusatzinformation- Inhalt 4;Zusatzinformation - Art 5;Zusatzinformation- Inhalt 5;Zusatzinformation - Art 6;Zusatzinformation- Inhalt 6;Zusatzinformation - Art 7;Zusatzinformation- Inhalt 7;Zusatzinformation - Art 8;Zusatzinformation- Inhalt 8;Zusatzinformation - Art 9;Zusatzinformation- Inhalt 9;Zusatzinformation - Art 10;Zusatzinformation- Inhalt 10;Zusatzinformation - Art 11;Zusatzinformation- Inhalt 11;Zusatzinformation - Art 12;Zusatzinformation- Inhalt 12;Zusatzinformation - Art 13;Zusatzinformation- Inhalt 13;Zusatzinformation - Art 14;Zusatzinformation- Inhalt 14;Zusatzinformation - Art 15;Zusatzinformation- Inhalt 15;Zusatzinformation - Art 16;Zusatzinformation- Inhalt 16;Zusatzinformation - Art 17;Zusatzinformation- Inhalt 17;Zusatzinformation - Art 18;Zusatzinformation- Inhalt 18;Zusatzinformation - Art 19;Zusatzinformation- Inhalt 19;Zusatzinformation - Art 20;Zusatzinformation- Inhalt 20;Stück;Gewicht;Zahlweise;Forderungsart;Veranlagungsjahr;Zugeordnete Fälligkeit;Skontotyp;Auftragsnummer;Buchungstyp;Ust-Schlüssel (Anzahlungen);EU-Land (Anzahlungen);Sachverhalt L+L (Anzahlungen);EU-Steuersatz (Anzahlungen);Erlöskonto (Anzahlungen);Herkunft-Kz;Buchungs GUID;KOST-Datum;SEPA-Mandatsreferenz;Skontosperre;Gesellschaftername;Beteiligtennummer;Identifikationsnummer;Zeichnernummer;Postensperre bis;Bezeichnung SoBil-Sachverhalt;Kennzeichen SoBil-Buchung;Festschreibung;Leistungsdatum;Datum Zuord.Steuerperiode;Fälligkeit;Generalumkehr;Steuersatz;Land
46,67;"S";"EUR";;;"";"1000";"10000";"";1806;"R32861";"";;"Zahlung erhalten: Bar (Kasse Standard-Kasse)";;"";;;;"";"";"";"";"";"";"";"";"";"";"";"";"";"";"";"";"";"";"";;"";;"";;;;;;"";"";"";"";"";"";"";"";"";"";"";"";"";"";"";"";"";"";"";"";"";"";"";"";"";"";"";"";"";"";"";"";"";"";"";"";"";"";"";"";;;;"";;;;"";"";;"";;;;"";"";;"";;"";;"";"";;"";;;;;;"";;""
4,5;"S";"EUR";;;"";"10000";"8300";"";1806;"R32861";"";;"55017 MARJAN, Sirup mit Maracujageschmack (Markisa... (4)";;"";;;;"";"";"";"";"";"";"";"";"";"";"";"";"";"";"";"";"";"";"";;"";;"";;;;;;"";"";"";"";"";"";"";"";"";"";"";"";"";"";"";"";"";"";"";"";"";"";"";"";"";"";"";"";"";"";"";"";"";"";"";"";"";"";"";"";;;;"";;;;"";"";;"";;;;"";"";;"";;"";;"";"";;"";;;;;;"";;""
2,5;"S";"EUR";;;"";"10000";"8300";"";1806;"R32861";"";;"10059 GOLDEN PHOENIX, Mixed Cargo Rice 1kg (9)";;"";;;;"";"";"";"";"";"";"";"";"";"";"";"";"";"";"";"";"";"";"";;"";;"";;;;;;"";"";"";"";"";"";"";"";"";"";"";"";"";"";"";"";"";"";"";"";"";"";"";"";"";"";"";"";"";"";"";"";"";"";"";"";"";"";"";"";;;;"";;;;"";"";;"";;;;"";"";;"";;"";;"";"";;"";;;;;;"";;""
6;"S";"EUR";;;"";"10000";"8300";"";1806;"R32861";"";;"16072 CAP WAYANG, Kemirinuss, 500 g (8)";;"";;;;"";"";"";"";"";"";"";"";"";"";"";"";"";"";"";"";"";"";"";;"";;"";;;;;;"";"";"";"";"";"";"";"";"";"";"";"";"";"";"";"";"";"";"";"";"";"";"";"";"";"";"";"";"";"";"";"";"";"";"";"";"";"";"";"";;;;"";;;;"";"";;"";;;;"";"";;"";;"";;"";"";;"";;;;;;"";;""
1,89;"S";"EUR";;;"";"10000";"8300";"";1806;"R32861";"";;"35053 SRUUT, Dawet Mehl (Cendol) Pandan, 100 g (7)";;"";;;;"";"";"";"";"";"";"";"";"";"";"";"";"";"";"";"";"";"";"";;"";;"";;;;;;"";"";"";"";"";"";"";"";"";"";"";"";"";"";"";"";"";"";"";"";"";"";"";"";"";"";"";"";"";"";"";"";"";"";"";"";"";"";"";"";;;;"";;;;"";"";;"";;;;"";"";;"";;"";;"";"";;"";;;;;;"";;""
10;"S";"EUR";;;"";"10000";"8300";"";1806;"R32861";"";;"50025 TONG TJI, Jasmin Teeblätter, 50 g (1)";;"";;;;"";"";"";"";"";"";"";"";"";"";"";"";"";"";"";"";"";"";"";;"";;"";;;;;;"";"";"";"";"";"";"";"";"";"";"";"";"";"";"";"";"";"";"";"";"";"";"";"";"";"";"";"";"";"";"";"";"";"";"";"";"";"";"";"";;;;"";;;;"";"";;"";;;;"";"";;"";;"";;"";"";;"";;;;;;"";;""
3,8;"S";"EUR";;;"";"10000";"8300";"";1806;"R32861";"";;"12145 LEMONILO, Mie Goreng Geschmack, 80 g (6)";;"";;;;"";"";"";"";"";"";"";"";"";"";"";"";"";"";"";"";"";"";"";;"";;"";;;;;;"";"";"";"";"";"";"";"";"";"";"";"";"";"";"";"";"";"";"";"";"";"";"";"";"";"";"";"";"";"";"";"";"";"";"";"";"";"";"";"";;;;"";;;;"";"";;"";;;;"";"";;"";;"";;"";"";;"";;;;;;"";;""
9,98;"S";"EUR";;;"";"10000";"8300";"";1806;"R32861";"";;"23010 BANGO, süße Sojasauce, 620 ml (2)";;"";;;;"";"";"";"";"";"";"";"";"";"";"";"";"";"";"";"";"";"";"";;"";;"";;;;;;"";"";"";"";"";"";"";"";"";"";"";"";"";"";"";"";"";"";"";"";"";"";"";"";"";"";"";"";"";"";"";"";"";"";"";"";"";"";"";"";;;;"";;;;"";"";;"";;;;"";"";;"";;"";;"";"";;"";;;;;;"";;""
4,5;"S";"EUR";;;"";"10000";"8300";"";1806;"R32861";"";;"55007 MARJAN, Sirup mit Honigmelonengeschmack, 460... (5)";;"";;;;"";"";"";"";"";"";"";"";"";"";"";"";"";"";"";"";"";"";"";;"";;"";;;;;;"";"";"";"";"";"";"";"";"";"";"";"";"";"";"";"";"";"";"";"";"";"";"";"";"";"";"";"";"";"";"";"";"";"";"";"";"";"";"";"";;;;"";;;;"";"";;"";;;;"";"";;"";;"";;"";"";;"";;;;;;"";;""
3,5;"S";"EUR";;;"";"10000";"8300";"";1806;"R32861";"";;"32047 MORISCA, Schichtkuchen Original, 365 g (3)";;"";;;;"";"";"";"";"";"";"";"";"";"";"";"";"";"";"";"";"";"";"";;"";;"";;;;;;"";"";"";"";"";"";"";"";"";"";"";"";"";"";"";"";"";"";"";"";"";"";"";"";"";"";"";"";"";"";"";"";"";"";"";"";"";"";"";"";;;;"";;;;"";"";;"";;;;"";"";;"";;"";;"";"";;"";;;;;;"";;""
3,99;"S";"EUR";;;"";"1000";"10000";"";1806;"R32862";"";;"Zahlung erhalten: Bar (Kasse Standard-Kasse)";;"";;;;"";"";"";"";"";"";"";"";"";"";"";"";"";"";"";"";"";"";"";;"";;"";;;;;;"";"";"";"";"";"";"";"";"";"";"";"";"";"";"";"";"";"";"";"";"";"";"";"";"";"";"";"";"";"";"";"";"";"";"";"";"";"";"";"";;;;"";;;;"";"";;"";;;;"";"";;"";;"";;"";"";;"";;;;;;"";;""
3,99;"S";"EUR";;;"";"10000";"8400";"";1806;"R32862";"";;"81001 CAP LANG, Kajeputöl, 60 ml (1)";;"";;;;"";"";"";"";"";"";"";"";"";"";"";"";"";"";"";"";"";"";"";;"";;"";;;;;;"";"";"";"";"";"";"";"";"";"";"";"";"";"";"";"";"";"";"";"";"";"";"";"";"";"";"";"";"";"";"";"";"";"";"";"";"";"";"";"";;;;"";;;;"";"";;"";;;;"";"";;"";;"";;"";"";;"";;;;;;"";;""
1,45;"S";"EUR";;;"";"1000";"10000";"";1806;"R32863";"";;"Zahlung erhalten: Bar (Kasse Standard-Kasse)";;"";;;;"";"";"";"";"";"";"";"";"";"";"";"";"";"";"";"";"";"";"";;"";;"";;;;;;"";"";"";"";"";"";"";"";"";"";"";"";"";"";"";"";"";"";"";"";"";"";"";"";"";"";"";"";"";"";"";"";"";"";"";"";"";"";"";"";;;;"";;;;"";"";;"";;;;"";"";;"";;"";;"";"";;"";;;;;;"";;""
1,45;"S";"EUR";;;"";"10000";"8300";"";1806;"R32863";"";;"12101 SAMYANG, Instant-Nudeln Ultra Scharf, 140 g (1)";;"";;;;"";"";"";"";"";"";"";"";"";"";"";"";"";"";"";"";"";"";"";;"";;"";;;;;;"";"";"";"";"";"";"";"";"";"";"";"";"";"";"";"";"";"";"";"";"";"";"";"";"";"";"";"";"";"";"";"";"";"";"";"";"";"";"";"";;;;"";;;;"";"";;"";;;;"";"";;"";;"";;"";"";;"";;;;;;"";;""
1,8;"S";"EUR";;;"";"1000";"10000";"";1806;"R32864";"";;"Zahlung erhalten: Bar (Kasse Standard-Kasse)";;"";;;;"";"";"";"";"";"";"";"";"";"";"";"";"";"";"";"";"";"";"";;"";;"";;;;;;"";"";"";"";"";"";"";"";"";"";"";"";"";"";"";"";"";"";"";"";"";"";"";"";"";"";"";"";"";"";"";"";"";"";"";"";"";"";"";"";;;;"";;;;"";"";;"";;;;"";"";;"";;"";;"";"";;"";;;;;;"";;""
1,8;"S";"EUR";;;"";"10000";"8300";"";1806;"R32864";"";;"38013 H & S, Tempe, 400 g (1)";;"";;;;"";"";"";"";"";"";"";"";"";"";"";"";"";"";"";"";"";"";"";;"";;"";;;;;;"";"";"";"";"";"";"";"";"";"";"";"";"";"";"";"";"";"";"";"";"";"";"";"";"";"";"";"";"";"";"";"";"";"";"";"";"";"";"";"";;;;"";;;;"";"";;"";;;;"";"";;"";;"";;"";"";;"";;;;;;"";;""
2,55;"S";"EUR";;;"";"10000";"8300";"";1806;"R32865";"";;"12155 BEST WOK, Instant-Nudeln Original 80g (4)";;"";;;;"";"";"";"";"";"";"";"";"";"";"";"";"";"";"";"";"";"";"";;"";;"";;;;;;"";"";"";"";"";"";"";"";"";"";"";"";"";"";"";"";"";"";"";"";"";"";"";"";"";"";"";"";"";"";"";"";"";"";"";"";"";"";"";"";;;;"";;;;"";"";;"";;;;"";"";;"";;"";;"";"";;"";;;;;;"";;""
2,9;"S";"EUR";;;"";"10000";"8300";"";1806;"R32865";"";;"12137 SAMYANG, Instant-Nudeln Jjajang, 140 g (3)";;"";;;;"";"";"";"";"";"";"";"";"";"";"";"";"";"";"";"";"";"";"";;"";;"";;;;;;"";"";"";"";"";"";"";"";"";"";"";"";"";"";"";"";"";"";"";"";"";"";"";"";"";"";"";"";"";"";"";"";"";"";"";"";"";"";"";"";;;;"";;;;"";"";;"";;;;"";"";;"";;"";;"";"";;"";;;;;;"";;""
1,7;"S";"EUR";;;"";"10000";"8300";"";1806;"R32865";"";;"12154 BEST WOK, Instant-Nudeln Meeresfrüchte mit s... (5)";;"";;;;"";"";"";"";"";"";"";"";"";"";"";"";"";"";"";"";"";"";"";;"";;"";;;;;;"";"";"";"";"";"";"";"";"";"";"";"";"";"";"";"";"";"";"";"";"";"";"";"";"";"";"";"";"";"";"";"";"";"";"";"";"";"";"";"";;;;"";;;;"";"";;"";;;;"";"";;"";;"";;"";"";;"";;;;;;"";;""
3,1;"S";"EUR";;;"";"10000";"8300";"";1806;"R32865";"";;"12138 SAMYANG, Instant-Nudeln Käse Gescmack, 140 g (2)";;"";;;;"";"";"";"";"";"";"";"";"";"";"";"";"";"";"";"";"";"";"";;"";;"";;;;;;"";"";"";"";"";"";"";"";"";"";"";"";"";"";"";"";"";"";"";"";"";"";"";"";"";"";"";"";"";"";"";"";"";"";"";"";"";"";"";"";;;;"";;;;"";"";;"";;;;"";"";;"";;"";;"";"";;"";;;;;;"";;""
1;"S";"EUR";;;"";"10000";"8300";"";1806;"R32865";"";;"16065 MASAKO, Rindfleisch-Extrakt-Gewürz, 250 g (6)";;"";;;;"";"";"";"";"";"";"";"";"";"";"";"";"";"";"";"";"";"";"";;"";;"";;;;;;"";"";"";"";"";"";"";"";"";"";"";"";"";"";"";"";"";"";"";"";"";"";"";"";"";"";"";"";"";"";"";"";"";"";"";"";"";"";"";"";;;;"";;;;"";"";;"";;;;"";"";;"";;"";;"";"";;"";;;;;;"";;""
1,5;"S";"EUR";;;"";"10000";"8300";"";1806;"R32865";"";;"56033 Paldo, Aloe Vera Original Getränke, 500ml (1)";;"";;;;"";"";"";"";"";"";"";"";"";"";"";"";"";"";"";"";"";"";"";;"";;"";;;;;;"";"";"";"";"";"";"";"";"";"";"";"";"";"";"";"";"";"";"";"";"";"";"";"";"";"";"";"";"";"";"";"";"";"";"";"";"";"";"";"";;;;"";;;;"";"";;"";;;;"";"";;"";;"";;"";"";;"";;;;;;"";;""
12,75;"S";"EUR";;;"";"1360";"10000";"";1806;"R32865";"";;"Zahlung erhalten: EC (Kasse Standard-Kasse)";;"";;;;"";"";"";"";"";"";"";"";"";"";"";"";"";"";"";"";"";"";"";;"";;"";;;;;;"";"";"";"";"";"";"";"";"";"";"";"";"";"";"";"";"";"";"";"";"";"";"";"";"";"";"";"";"";"";"";"";"";"";"";"";"";"";"";"";;;;"";;;;"";"";;"";;;;"";"";;"";;"";;"";"";;"";;;;;;"";;""
3,75;"S";"EUR";;;"";"10000";"8300";"";1806;"R1000079";"";;"21091 FINNA, Sambal Rawit, 180g (5)";;"";;;;"";"";"";"";"";"";"";"";"";"";"";"";"";"";"";"";"";"";"";;"";;"";;;;;;"";"";"";"";"";"";"";"";"";"";"";"";"";"";"";"";"";"";"";"";"";"";"";"";"";"";"";"";"";"";"";"";"";"";"";"";"";"";"";"";;;;"";;;;"";"";;"";;;;"";"";;"";;"";;"";"";;"";;;;;;"";;""
11;"S";"EUR";;;"";"10000";"8400";"";1806;"R1000079";"";;"80000 SIDOMUNCUL, Tolak Angin, 12 x 15 ml (4)";;"";;;;"";"";"";"";"";"";"";"";"";"";"";"";"";"";"";"";"";"";"";;"";;"";;;;;;"";"";"";"";"";"";"";"";"";"";"";"";"";"";"";"";"";"";"";"";"";"";"";"";"";"";"";"";"";"";"";"";"";"";"";"";"";"";"";"";;;;"";;;;"";"";;"";;;;"";"";;"";;"";;"";"";;"";;;;;;"";;""
0,99;"S";"EUR";;;"";"10000";"8300";"";1806;"R1000079";"";;"32083 TICTAC, Pilus gegrilltes Hähnchen-Knoblauch,... (3)";;"";;;;"";"";"";"";"";"";"";"";"";"";"";"";"";"";"";"";"";"";"";;"";;"";;;;;;"";"";"";"";"";"";"";"";"";"";"";"";"";"";"";"";"";"";"";"";"";"";"";"";"";"";"";"";"";"";"";"";"";"";"";"";"";"";"";"";;;;"";;;;"";"";;"";;;;"";"";;"";;"";;"";"";;"";;;;;;"";;""
0,99;"S";"EUR";;;"";"10000";"8300";"";1806;"R1000079";"";;"32116 TICTAC, Pilus Scharfes, 100g (2)";;"";;;;"";"";"";"";"";"";"";"";"";"";"";"";"";"";"";"";"";"";"";;"";;"";;;;;;"";"";"";"";"";"";"";"";"";"";"";"";"";"";"";"";"";"";"";"";"";"";"";"";"";"";"";"";"";"";"";"";"";"";"";"";"";"";"";"";;;;"";;;;"";"";;"";;;;"";"";;"";;"";;"";"";;"";;;;;;"";;""
2,89;"S";"EUR";;;"";"10000";"8300";"";1806;"R1000079";"";;"21074 ABC, Chilisoße extra Scharf, 335 ml (1)";;"";;;;"";"";"";"";"";"";"";"";"";"";"";"";"";"";"";"";"";"";"";;"";;"";;;;;;"";"";"";"";"";"";"";"";"";"";"";"";"";"";"";"";"";"";"";"";"";"";"";"";"";"";"";"";"";"";"";"";"";"";"";"";"";"";"";"";;;;"";;;;"";"";;"";;;;"";"";;"";;"";;"";"";;"";;;;;;"";;""
4,5;"S";"EUR";;;"";"10000";"8300";"";1806;"R1000079";"";;"55006 MARJAN, Sirup mit Cocopandangeschmack, 460 m... (6)";;"";;;;"";"";"";"";"";"";"";"";"";"";"";"";"";"";"";"";"";"";"";;"";;"";;;;;;"";"";"";"";"";"";"";"";"";"";"";"";"";"";"";"";"";"";"";"";"";"";"";"";"";"";"";"";"";"";"";"";"";"";"";"";"";"";"";"";;;;"";;;;"";"";;"";;;;"";"";;"";;"";;"";"";;"";;;;;;"";;""
13,01;"S";"EUR";;;"";"1000";"10000";"";1806;"R32866";"";;"Zahlung erhalten: Bar (Kasse Standard-Kasse)";;"";;;;"";"";"";"";"";"";"";"";"";"";"";"";"";"";"";"";"";"";"";;"";;"";;;;;;"";"";"";"";"";"";"";"";"";"";"";"";"";"";"";"";"";"";"";"";"";"";"";"";"";"";"";"";"";"";"";"";"";"";"";"";"";"";"";"";;;;"";;;;"";"";;"";;;;"";"";;"";;"";;"";"";;"";;;;;;"";;""
0,85;"S";"EUR";;;"";"10000";"8300";"";1806;"R32866";"";;"12153 BEST WOK, Instant-Nudeln Scharf 80g (8)";;"";;;;"";"";"";"";"";"";"";"";"";"";"";"";"";"";"";"";"";"";"";;"";;"";;;;;;"";"";"";"";"";"";"";"";"";"";"";"";"";"";"";"";"";"";"";"";"";"";"";"";"";"";"";"";"";"";"";"";"";"";"";"";"";"";"";"";;;;"";;;;"";"";;"";;;;"";"";;"";;"";;"";"";;"";;;;;;"";;""
2,89;"S";"EUR";;;"";"10000";"8300";"";1806;"R32866";"";;"21074 ABC, Chilisoße extra Scharf, 335 ml (1)";;"";;;;"";"";"";"";"";"";"";"";"";"";"";"";"";"";"";"";"";"";"";;"";;"";;;;;;"";"";"";"";"";"";"";"";"";"";"";"";"";"";"";"";"";"";"";"";"";"";"";"";"";"";"";"";"";"";"";"";"";"";"";"";"";"";"";"";;;;"";;;;"";"";;"";;;;"";"";;"";;"";;"";"";;"";;;;;;"";;""
1,15;"S";"EUR";;;"";"10000";"8300";"";1806;"R32866";"";;"17013 BAMBOE, gebratener Reis Würzpaste, 40 g (2)";;"";;;;"";"";"";"";"";"";"";"";"";"";"";"";"";"";"";"";"";"";"";;"";;"";;;;;;"";"";"";"";"";"";"";"";"";"";"";"";"";"";"";"";"";"";"";"";"";"";"";"";"";"";"";"";"";"";"";"";"";"";"";"";"";"";"";"";;;;"";;;;"";"";;"";;;;"";"";;"";;"";;"";"";;"";;;;;;"";;""
2,3;"S";"EUR";;;"";"10000";"8300";"";1806;"R32866";"";;"14034 MAMASUKA, Tepung Tempe Goreng, 70gr (3)";;"";;;;"";"";"";"";"";"";"";"";"";"";"";"";"";"";"";"";"";"";"";;"";;"";;;;;;"";"";"";"";"";"";"";"";"";"";"";"";"";"";"";"";"";"";"";"";"";"";"";"";"";"";"";"";"";"";"";"";"";"";"";"";"";"";"";"";;;;"";;;;"";"";;"";;;;"";"";;"";;"";;"";"";;"";;;;;;"";;""
0,95;"S";"EUR";;;"";"10000";"8300";"";1806;"R32866";"";;"12146 LEMONILO, Zwiebel-Hühnchen-Geschmack, 80 g (4)";;"";;;;"";"";"";"";"";"";"";"";"";"";"";"";"";"";"";"";"";"";"";;"";;"";;;;;;"";"";"";"";"";"";"";"";"";"";"";"";"";"";"";"";"";"";"";"";"";"";"";"";"";"";"";"";"";"";"";"";"";"";"";"";"";"";"";"";;;;"";;;;"";"";;"";;;;"";"";;"";;"";;"";"";;"";;;;;;"";;""
1,9;"S";"EUR";;;"";"10000";"8300";"";1806;"R32866";"";;"12147 LEMONILO, Hähnchen Curry Geschmack, 80 g (5)";;"";;;;"";"";"";"";"";"";"";"";"";"";"";"";"";"";"";"";"";"";"";;"";;"";;;;;;"";"";"";"";"";"";"";"";"";"";"";"";"";"";"";"";"";"";"";"";"";"";"";"";"";"";"";"";"";"";"";"";"";"";"";"";"";"";"";"";;;;"";;;;"";"";;"";;;;"";"";;"";;"";;"";"";;"";;;;;;"";;""
1,98;"S";"EUR";;;"";"10000";"8300";"";1806;"R32866";"";;"32123 TICTAC, Pilus Original, 100 g (6)";;"";;;;"";"";"";"";"";"";"";"";"";"";"";"";"";"";"";"";"";"";"";;"";;"";;;;;;"";"";"";"";"";"";"";"";"";"";"";"";"";"";"";"";"";"";"";"";"";"";"";"";"";"";"";"";"";"";"";"";"";"";"";"";"";"";"";"";;;;"";;;;"";"";;"";;;;"";"";;"";;"";;"";"";;"";;;;;;"";;""
0,99;"S";"EUR";;;"";"10000";"8300";"";1806;"R32866";"";;"32118 TICTAC, Pilus mit Geröstetem Rinder, 100 g (7)";;"";;;;"";"";"";"";"";"";"";"";"";"";"";"";"";"";"";"";"";"";"";;"";;"";;;;;;"";"";"";"";"";"";"";"";"";"";"";"";"";"";"";"";"";"";"";"";"";"";"";"";"";"";"";"";"";"";"";"";"";"";"";"";"";"";"";"";;;;"";;;;"";"";;"";;;;"";"";;"";;"";;"";"";;"";;;;;;"";;""
3,59;"S";"EUR";;;"";"10000";"8300";"";1806;"R32867";"";;"13024 MERBABU, Sagu Tani Mehl, 500 g (4)";;"";;;;"";"";"";"";"";"";"";"";"";"";"";"";"";"";"";"";"";"";"";;"";;"";;;;;;"";"";"";"";"";"";"";"";"";"";"";"";"";"";"";"";"";"";"";"";"";"";"";"";"";"";"";"";"";"";"";"";"";"";"";"";"";"";"";"";;;;"";;;;"";"";;"";;;;"";"";;"";;"";;"";"";;"";;;;;;"";;""
3;"S";"EUR";;;"";"10000";"8300";"";1806;"R32867";"";;"14007 KOBE, Teigmischung für gebratene Bananen, 75... (1)";;"";;;;"";"";"";"";"";"";"";"";"";"";"";"";"";"";"";"";"";"";"";;"";;"";;;;;;"";"";"";"";"";"";"";"";"";"";"";"";"";"";"";"";"";"";"";"";"";"";"";"";"";"";"";"";"";"";"";"";"";"";"";"";"";"";"";"";;;;"";;;;"";"";;"";;;;"";"";;"";;"";;"";"";;"";;;;;;"";;""
2,4;"S";"EUR";;;"";"10000";"8400";"";1806;"R32867";"";;"33005 KARA, Nata de coco Manggo, 220 ml (3)";;"";;;;"";"";"";"";"";"";"";"";"";"";"";"";"";"";"";"";"";"";"";;"";;"";;;;;;"";"";"";"";"";"";"";"";"";"";"";"";"";"";"";"";"";"";"";"";"";"";"";"";"";"";"";"";"";"";"";"";"";"";"";"";"";"";"";"";;;;"";;;;"";"";;"";;;;"";"";;"";;"";;"";"";;"";;;;;;"";;""
3,75;"S";"EUR";;;"";"10000";"8300";"";1806;"R32867";"";;"11022 BIHUNKU, Gebratene Instant-Reisnudeln, 60 g (2)";;"";;;;"";"";"";"";"";"";"";"";"";"";"";"";"";"";"";"";"";"";"";;"";;"";;;;;;"";"";"";"";"";"";"";"";"";"";"";"";"";"";"";"";"";"";"";"";"";"";"";"";"";"";"";"";"";"";"";"";"";"";"";"";"";"";"";"";;;;"";;;;"";"";;"";;;;"";"";;"";;"";;"";"";;"";;;;;;"";;""
12,74;"S";"EUR";;;"";"1360";"10000";"";1806;"R32867";"";;"Zahlung erhalten: EC (Kasse Standard-Kasse)";;"";;;;"";"";"";"";"";"";"";"";"";"";"";"";"";"";"";"";"";"";"";;"";;"";;;;;;"";"";"";"";"";"";"";"";"";"";"";"";"";"";"";"";"";"";"";"";"";"";"";"";"";"";"";"";"";"";"";"";"";"";"";"";"";"";"";"";;;;"";;;;"";"";;"";;;;"";"";;"";;"";;"";"";;"";;;;;;"";;""
3,5;"S";"EUR";;;"";"10000";"8300";"";1806;"R32868";"";;"32168 DUA KELINCI, Sukro Oven Scharf, 100 g (7)";;"";;;;"";"";"";"";"";"";"";"";"";"";"";"";"";"";"";"";"";"";"";;"";;"";;;;;;"";"";"";"";"";"";"";"";"";"";"";"";"";"";"";"";"";"";"";"";"";"";"";"";"";"";"";"";"";"";"";"";"";"";"";"";"";"";"";"";;;;"";;;;"";"";;"";;;;"";"";;"";;"";;"";"";;"";;;;;;"";;""
2,99;"S";"EUR";;;"";"10000";"8300";"";1806;"R32868";"";;"35071 CERES, Schokostreussel Classic, 225g (8)";;"";;;;"";"";"";"";"";"";"";"";"";"";"";"";"";"";"";"";"";"";"";;"";;"";;;;;;"";"";"";"";"";"";"";"";"";"";"";"";"";"";"";"";"";"";"";"";"";"";"";"";"";"";"";"";"";"";"";"";"";"";"";"";"";"";"";"";;;;"";;;;"";"";;"";;;;"";"";;"";;"";;"";"";;"";;;;;;"";;""
0,99;"S";"EUR";;;"";"10000";"8300";"";1806;"R32868";"";;"32171 TICTAC, Pilus Mix, 100 g (6)";;"";;;;"";"";"";"";"";"";"";"";"";"";"";"";"";"";"";"";"";"";"";;"";;"";;;;;;"";"";"";"";"";"";"";"";"";"";"";"";"";"";"";"";"";"";"";"";"";"";"";"";"";"";"";"";"";"";"";"";"";"";"";"";"";"";"";"";;;;"";;;;"";"";;"";;;;"";"";;"";;"";;"";"";;"";;;;;;"";;""
1,2;"S";"EUR";;;"";"10000";"8300";"";1806;"R32868";"";;"56038 MOGU-MOGU, Melonegeschmack mit Nata de Coco,... (1)";;"";;;;"";"";"";"";"";"";"";"";"";"";"";"";"";"";"";"";"";"";"";;"";;"";;;;;;"";"";"";"";"";"";"";"";"";"";"";"";"";"";"";"";"";"";"";"";"";"";"";"";"";"";"";"";"";"";"";"";"";"";"";"";"";"";"";"";;;;"";;;;"";"";;"";;;;"";"";;"";;"";;"";"";;"";;;;;;"";;""
1,89;"S";"EUR";;;"";"10000";"8300";"";1806;"R32868";"";;"21101 JAWARA, Saus Cabe Extra Hot 120ml (2)";;"";;;;"";"";"";"";"";"";"";"";"";"";"";"";"";"";"";"";"";"";"";;"";;"";;;;;;"";"";"";"";"";"";"";"";"";"";"";"";"";"";"";"";"";"";"";"";"";"";"";"";"";"";"";"";"";"";"";"";"";"";"";"";"";"";"";"";;;;"";;;;"";"";;"";;;;"";"";;"";;"";;"";"";;"";;;;;;"";;""
3;"S";"EUR";;;"";"10000";"8300";"";1806;"R32868";"";;"21104 KOBE, BonCabe Nori lvl 3, 35g (3)";;"";;;;"";"";"";"";"";"";"";"";"";"";"";"";"";"";"";"";"";"";"";;"";;"";;;;;;"";"";"";"";"";"";"";"";"";"";"";"";"";"";"";"";"";"";"";"";"";"";"";"";"";"";"";"";"";"";"";"";"";"";"";"";"";"";"";"";;;;"";;;;"";"";;"";;;;"";"";;"";;"";;"";"";;"";;;;;;"";;""
2,99;"S";"EUR";;;"";"10000";"8300";"";1806;"R32868";"";;"50008 SARIWANGI, Teebeutel, 25 x 2 g (4)";;"";;;;"";"";"";"";"";"";"";"";"";"";"";"";"";"";"";"";"";"";"";;"";;"";;;;;;"";"";"";"";"";"";"";"";"";"";"";"";"";"";"";"";"";"";"";"";"";"";"";"";"";"";"";"";"";"";"";"";"";"";"";"";"";"";"";"";;;;"";;;;"";"";;"";;;;"";"";;"";;"";;"";"";;"";;;;;;"";;""
0,99;"S";"EUR";;;"";"10000";"8300";"";1806;"R32868";"";;"32117 TICTAC, Pilus Algen Geschmack, 100 g (5)";;"";;;;"";"";"";"";"";"";"";"";"";"";"";"";"";"";"";"";"";"";"";;"";;"";;;;;;"";"";"";"";"";"";"";"";"";"";"";"";"";"";"";"";"";"";"";"";"";"";"";"";"";"";"";"";"";"";"";"";"";"";"";"";"";"";"";"";;;;"";;;;"";"";;"";;;;"";"";;"";;"";;"";"";;"";;;;;;"";;""
17,55;"S";"EUR";;;"";"1360";"10000";"";1806;"R32868";"";;"Zahlung erhalten: EC (Kasse Standard-Kasse)";;"";;;;"";"";"";"";"";"";"";"";"";"";"";"";"";"";"";"";"";"";"";;"";;"";;;;;;"";"";"";"";"";"";"";"";"";"";"";"";"";"";"";"";"";"";"";"";"";"";"";"";"";"";"";"";"";"";"";"";"";"";"";"";"";"";"";"";;;;"";;;;"";"";;"";;;;"";"";;"";;"";;"";"";;"";;;;;;"";;""
2,5;"S";"EUR";;;"";"10000";"8300";"";1806;"R32869";"";;"38020 Treiber Tofu, Gebackenertofu, 200g (3)";;"";;;;"";"";"";"";"";"";"";"";"";"";"";"";"";"";"";"";"";"";"";;"";;"";;;;;;"";"";"";"";"";"";"";"";"";"";"";"";"";"";"";"";"";"";"";"";"";"";"";"";"";"";"";"";"";"";"";"";"";"";"";"";"";"";"";"";;;;"";;;;"";"";;"";;;;"";"";;"";;"";;"";"";;"";;;;;;"";;""
0,2;"S";"EUR";;;"";"10000";"8300";"";1806;"R32869";"";;"70035 N/A, Plastiktüte (7)";;"";;;;"";"";"";"";"";"";"";"";"";"";"";"";"";"";"";"";"";"";"";;"";;"";;;;;;"";"";"";"";"";"";"";"";"";"";"";"";"";"";"";"";"";"";"";"";"";"";"";"";"";"";"";"";"";"";"";"";"";"";"";"";"";"";"";"";;;;"";;;;"";"";;"";;;;"";"";;"";;"";;"";"";;"";;;;;;"";;""
1;"S";"EUR";;;"";"10000";"8300";"";1806;"R32869";"";;"16065 MASAKO, Rindfleisch-Extrakt-Gewürz, 250 g (1)";;"";;;;"";"";"";"";"";"";"";"";"";"";"";"";"";"";"";"";"";"";"";;"";;"";;;;;;"";"";"";"";"";"";"";"";"";"";"";"";"";"";"";"";"";"";"";"";"";"";"";"";"";"";"";"";"";"";"";"";"";"";"";"";"";"";"";"";;;;"";;;;"";"";;"";;;;"";"";;"";;"";;"";"";;"";;;;;;"";;""
1,75;"S";"EUR";;;"";"10000";"8300";"";1806;"R32869";"";;"32168 DUA KELINCI, Sukro Oven Scharf, 100 g (2)";;"";;;;"";"";"";"";"";"";"";"";"";"";"";"";"";"";"";"";"";"";"";;"";;"";;;;;;"";"";"";"";"";"";"";"";"";"";"";"";"";"";"";"";"";"";"";"";"";"";"";"";"";"";"";"";"";"";"";"";"";"";"";"";"";"";"";"";;;;"";;;;"";"";;"";;;;"";"";;"";;"";;"";"";;"";;;;;;"";;""
5,5;"S";"EUR";;;"";"10000";"8300";"";1806;"R32869";"";;"28089 BAHAGIA, Garnelen Chips, 500 g (8)";;"";;;;"";"";"";"";"";"";"";"";"";"";"";"";"";"";"";"";"";"";"";;"";;"";;;;;;"";"";"";"";"";"";"";"";"";"";"";"";"";"";"";"";"";"";"";"";"";"";"";"";"";"";"";"";"";"";"";"";"";"";"";"";"";"";"";"";;;;"";;;;"";"";;"";;;;"";"";;"";;"";;"";"";;"";;;;;;"";;""
1,99;"S";"EUR";;;"";"10000";"8300";"";1806;"R32869";"";;"31020 Nivo, Palm Zucker (Bar), 250 g (4)";;"";;;;"";"";"";"";"";"";"";"";"";"";"";"";"";"";"";"";"";"";"";;"";;"";;;;;;"";"";"";"";"";"";"";"";"";"";"";"";"";"";"";"";"";"";"";"";"";"";"";"";"";"";"";"";"";"";"";"";"";"";"";"";"";"";"";"";;;;"";;;;"";"";;"";;;;"";"";;"";;"";;"";"";;"";;;;;;"";;""
2,95;"S";"EUR";;;"";"10000";"8300";"";1806;"R32869";"";;"14757 CAP WAYANG, Aren Zucker, 250 g (5)";;"";;;;"";"";"";"";"";"";"";"";"";"";"";"";"";"";"";"";"";"";"";;"";;"";;;;;;"";"";"";"";"";"";"";"";"";"";"";"";"";"";"";"";"";"";"";"";"";"";"";"";"";"";"";"";"";"";"";"";"";"";"";"";"";"";"";"";;;;"";;;;"";"";;"";;;;"";"";;"";;"";;"";"";;"";;;;;;"";;""
3,99;"S";"EUR";;;"";"10000";"8300";"";1806;"R32869";"";;"23035 ABC, süße Sojasoße, 620 ml (6)";;"";;;;"";"";"";"";"";"";"";"";"";"";"";"";"";"";"";"";"";"";"";;"";;"";;;;;;"";"";"";"";"";"";"";"";"";"";"";"";"";"";"";"";"";"";"";"";"";"";"";"";"";"";"";"";"";"";"";"";"";"";"";"";"";"";"";"";;;;"";;;;"";"";;"";;;;"";"";;"";;"";;"";"";;"";;;;;;"";;""
19,88;"S";"EUR";;;"";"1360";"10000";"";1806;"R32869";"";;"Zahlung erhalten: EC (Kasse Standard-Kasse)";;"";;;;"";"";"";"";"";"";"";"";"";"";"";"";"";"";"";"";"";"";"";;"";;"";;;;;;"";"";"";"";"";"";"";"";"";"";"";"";"";"";"";"";"";"";"";"";"";"";"";"";"";"";"";"";"";"";"";"";"";"";"";"";"";"";"";"";;;;"";;;;"";"";;"";;;;"";"";;"";;"";;"";"";;"";;;;;;"";;""
28,85;"S";"EUR";;;"";"1000";"10000";"";1806;"R32870";"";;"Zahlung erhalten: Bar (Kasse Standard-Kasse)";;"";;;;"";"";"";"";"";"";"";"";"";"";"";"";"";"";"";"";"";"";"";;"";;"";;;;;;"";"";"";"";"";"";"";"";"";"";"";"";"";"";"";"";"";"";"";"";"";"";"";"";"";"";"";"";"";"";"";"";"";"";"";"";"";"";"";"";;;;"";;;;"";"";;"";;;;"";"";;"";;"";;"";"";;"";;;;;;"";;""
1,15;"S";"EUR";;;"";"10000";"8300";"";1806;"R32870";"";;"17109 BAMBOE, gebratene Nudeln Würzpaste, 45g (6)";;"";;;;"";"";"";"";"";"";"";"";"";"";"";"";"";"";"";"";"";"";"";;"";;"";;;;;;"";"";"";"";"";"";"";"";"";"";"";"";"";"";"";"";"";"";"";"";"";"";"";"";"";"";"";"";"";"";"";"";"";"";"";"";"";"";"";"";;;;"";;;;"";"";;"";;;;"";"";;"";;"";;"";"";;"";;;;;;"";;""
2,5;"S";"EUR";;;"";"10000";"8300";"";1806;"R32870";"";;"17134 BANGO, Malang ostjavanische Rindersuppe (Raw... (7)";;"";;;;"";"";"";"";"";"";"";"";"";"";"";"";"";"";"";"";"";"";"";;"";;"";;;;;;"";"";"";"";"";"";"";"";"";"";"";"";"";"";"";"";"";"";"";"";"";"";"";"";"";"";"";"";"";"";"";"";"";"";"";"";"";"";"";"";;;;"";;;;"";"";;"";;;;"";"";;"";;"";;"";"";;"";;;;;;"";;""
2,3;"S";"EUR";;;"";"10000";"8300";"";1806;"R32870";"";;"17008 BAMBOE, Balinesische Gewuerze, 49 g (8)";;"";;;;"";"";"";"";"";"";"";"";"";"";"";"";"";"";"";"";"";"";"";;"";;"";;;;;;"";"";"";"";"";"";"";"";"";"";"";"";"";"";"";"";"";"";"";"";"";"";"";"";"";"";"";"";"";"";"";"";"";"";"";"";"";"";"";"";;;;"";;;;"";"";;"";;;;"";"";;"";;"";;"";"";;"";;;;;;"";;""
3,75;"S";"EUR";;;"";"10000";"8300";"";1806;"R32870";"";;"21079 FINNA, Chilipaste mit Zwiebeln, 190 g (9)";;"";;;;"";"";"";"";"";"";"";"";"";"";"";"";"";"";"";"";"";"";"";;"";;"";;;;;;"";"";"";"";"";"";"";"";"";"";"";"";"";"";"";"";"";"";"";"";"";"";"";"";"";"";"";"";"";"";"";"";"";"";"";"";"";"";"";"";;;;"";;;;"";"";;"";;;;"";"";;"";;"";;"";"";;"";;;;;;"";;""
2,89;"S";"EUR";;;"";"10000";"8400";"";1806;"R32870";"";;"50013 SOSRO, Teh Botol, Jasmine Tee in Packung, 1l (4)";;"";;;;"";"";"";"";"";"";"";"";"";"";"";"";"";"";"";"";"";"";"";;"";;"";;;;;;"";"";"";"";"";"";"";"";"";"";"";"";"";"";"";"";"";"";"";"";"";"";"";"";"";"";"";"";"";"";"";"";"";"";"";"";"";"";"";"";;;;"";;;;"";"";;"";;;;"";"";;"";;"";;"";"";;"";;;;;;"";;""
7,78;"S";"EUR";;;"";"10000";"8300";"";1806;"R32870";"";;"21073 ABC, Chilipaste mit Garnelen, 180 g (1)";;"";;;;"";"";"";"";"";"";"";"";"";"";"";"";"";"";"";"";"";"";"";;"";;"";;;;;;"";"";"";"";"";"";"";"";"";"";"";"";"";"";"";"";"";"";"";"";"";"";"";"";"";"";"";"";"";"";"";"";"";"";"";"";"";"";"";"";;;;"";;;;"";"";;"";;;;"";"";;"";;"";;"";"";;"";;;;;;"";;""
0,99;"S";"EUR";;;"";"10000";"8300";"";1806;"R32870";"";;"32123 TICTAC, Pilus Original, 100 g (3)";;"";;;;"";"";"";"";"";"";"";"";"";"";"";"";"";"";"";"";"";"";"";;"";;"";;;;;;"";"";"";"";"";"";"";"";"";"";"";"";"";"";"";"";"";"";"";"";"";"";"";"";"";"";"";"";"";"";"";"";"";"";"";"";"";"";"";"";;;;"";;;;"";"";;"";;;;"";"";;"";;"";;"";"";;"";;;;;;"";;""
2,5;"S";"EUR";;;"";"10000";"8300";"";1806;"R32870";"";;"17133 BANGO, Aceh gebratene Nudeln Würzpaste, 25g (5)";;"";;;;"";"";"";"";"";"";"";"";"";"";"";"";"";"";"";"";"";"";"";;"";;"";;;;;;"";"";"";"";"";"";"";"";"";"";"";"";"";"";"";"";"";"";"";"";"";"";"";"";"";"";"";"";"";"";"";"";"";"";"";"";"";"";"";"";;;;"";;;;"";"";;"";;;;"";"";;"";;"";;"";"";;"";;;;;;"";;""
4,99;"S";"EUR";;;"";"10000";"8300";"";1806;"R32870";"";;"23010 BANGO, süße Sojasauce, 620 ml (2)";;"";;;;"";"";"";"";"";"";"";"";"";"";"";"";"";"";"";"";"";"";"";;"";;"";;;;;;"";"";"";"";"";"";"";"";"";"";"";"";"";"";"";"";"";"";"";"";"";"";"";"";"";"";"";"";"";"";"";"";"";"";"";"";"";"";"";"";;;;"";;;;"";"";;"";;;;"";"";;"";;"";;"";"";;"";;;;;;"";;""
29,9;"S";"EUR";;;"";"1000";"10000";"";1806;"R32871";"";;"Zahlung erhalten: Bar (Kasse Standard-Kasse)";;"";;;;"";"";"";"";"";"";"";"";"";"";"";"";"";"";"";"";"";"";"";;"";;"";;;;;;"";"";"";"";"";"";"";"";"";"";"";"";"";"";"";"";"";"";"";"";"";"";"";"";"";"";"";"";"";"";"";"";"";"";"";"";"";"";"";"";;;;"";;;;"";"";;"";;;;"";"";;"";;"";;"";"";;"";;;;;;"";;""
2,5;"S";"EUR";;;"";"10000";"8300";"";1806;"R32871";"";;"17133 BANGO, Aceh gebratene Nudeln Würzpaste, 25g (9)";;"";;;;"";"";"";"";"";"";"";"";"";"";"";"";"";"";"";"";"";"";"";;"";;"";;;;;;"";"";"";"";"";"";"";"";"";"";"";"";"";"";"";"";"";"";"";"";"";"";"";"";"";"";"";"";"";"";"";"";"";"";"";"";"";"";"";"";;;;"";;;;"";"";;"";;;;"";"";;"";;"";;"";"";;"";;;;;;"";;""
0,95;"S";"EUR";;;"";"10000";"8300";"";1806;"R32871";"";;"12145 LEMONILO, Mie Goreng Geschmack, 80 g (8)";;"";;;;"";"";"";"";"";"";"";"";"";"";"";"";"";"";"";"";"";"";"";;"";;"";;;;;;"";"";"";"";"";"";"";"";"";"";"";"";"";"";"";"";"";"";"";"";"";"";"";"";"";"";"";"";"";"";"";"";"";"";"";"";"";"";"";"";;;;"";;;;"";"";;"";;;;"";"";;"";;"";;"";"";;"";;;;;;"";;""
1,5;"S";"EUR";;;"";"10000";"8300";"";1806;"R32871";"";;"56033 Paldo, Aloe Vera Original Getränke, 500ml (7)";;"";;;;"";"";"";"";"";"";"";"";"";"";"";"";"";"";"";"";"";"";"";;"";;"";;;;;;"";"";"";"";"";"";"";"";"";"";"";"";"";"";"";"";"";"";"";"";"";"";"";"";"";"";"";"";"";"";"";"";"";"";"";"";"";"";"";"";;;;"";;;;"";"";;"";;;;"";"";;"";;"";;"";"";;"";;;;;;"";;""
3,75;"S";"EUR";;;"";"10000";"8300";"";1806;"R32871";"";;"21079 FINNA, Chilipaste mit Zwiebeln, 190 g (6)";;"";;;;"";"";"";"";"";"";"";"";"";"";"";"";"";"";"";"";"";"";"";;"";;"";;;;;;"";"";"";"";"";"";"";"";"";"";"";"";"";"";"";"";"";"";"";"";"";"";"";"";"";"";"";"";"";"";"";"";"";"";"";"";"";"";"";"";;;;"";;;;"";"";;"";;;;"";"";;"";;"";;"";"";;"";;;;;;"";;""
1,5;"S";"EUR";;;"";"10000";"8300";"";1806;"R32871";"";;"12140 SUPER BUBUR, Instant Porridge Hühnergeschmac... (5)";;"";;;;"";"";"";"";"";"";"";"";"";"";"";"";"";"";"";"";"";"";"";;"";;"";;;;;;"";"";"";"";"";"";"";"";"";"";"";"";"";"";"";"";"";"";"";"";"";"";"";"";"";"";"";"";"";"";"";"";"";"";"";"";"";"";"";"";;;;"";;;;"";"";;"";;;;"";"";;"";;"";;"";"";;"";;;;;;"";;""
1,55;"S";"EUR";;;"";"10000";"8300";"";1806;"R32871";"";;"12138 SAMYANG, Instant-Nudeln Käse Gescmack, 140 g (4)";;"";;;;"";"";"";"";"";"";"";"";"";"";"";"";"";"";"";"";"";"";"";;"";;"";;;;;;"";"";"";"";"";"";"";"";"";"";"";"";"";"";"";"";"";"";"";"";"";"";"";"";"";"";"";"";"";"";"";"";"";"";"";"";"";"";"";"";;;;"";;;;"";"";;"";;;;"";"";;"";;"";;"";"";;"";;;;;;"";;""
2,55;"S";"EUR";;;"";"10000";"8300";"";1806;"R32871";"";;"12154 BEST WOK, Instant-Nudeln Meeresfrüchte mit s... (3)";;"";;;;"";"";"";"";"";"";"";"";"";"";"";"";"";"";"";"";"";"";"";;"";;"";;;;;;"";"";"";"";"";"";"";"";"";"";"";"";"";"";"";"";"";"";"";"";"";"";"";"";"";"";"";"";"";"";"";"";"";"";"";"";"";"";"";"";;;;"";;;;"";"";;"";;;;"";"";;"";;"";;"";"";;"";;;;;;"";;""
2,55;"S";"EUR";;;"";"10000";"8300";"";1806;"R32871";"";;"12153 BEST WOK, Instant-Nudeln Scharf 80g (2)";;"";;;;"";"";"";"";"";"";"";"";"";"";"";"";"";"";"";"";"";"";"";;"";;"";;;;;;"";"";"";"";"";"";"";"";"";"";"";"";"";"";"";"";"";"";"";"";"";"";"";"";"";"";"";"";"";"";"";"";"";"";"";"";"";"";"";"";;;;"";;;;"";"";;"";;;;"";"";;"";;"";;"";"";;"";;;;;;"";;""
11,9;"S";"EUR";;;"";"10000";"8300";"";1806;"R32871";"";;"12155 BEST WOK, Instant-Nudeln Original 80g (1)";;"";;;;"";"";"";"";"";"";"";"";"";"";"";"";"";"";"";"";"";"";"";;"";;"";;;;;;"";"";"";"";"";"";"";"";"";"";"";"";"";"";"";"";"";"";"";"";"";"";"";"";"";"";"";"";"";"";"";"";"";"";"";"";"";"";"";"";;;;"";;;;"";"";;"";;;;"";"";;"";;"";;"";"";;"";;;;;;"";;""
1,15;"S";"EUR";;;"";"10000";"8300";"";1806;"R32871";"";;"17109 BAMBOE, gebratene Nudeln Würzpaste, 45g (10)";;"";;;;"";"";"";"";"";"";"";"";"";"";"";"";"";"";"";"";"";"";"";;"";;"";;;;;;"";"";"";"";"";"";"";"";"";"";"";"";"";"";"";"";"";"";"";"";"";"";"";"";"";"";"";"";"";"";"";"";"";"";"";"";"";"";"";"";;;;"";;;;"";"";;"";;;;"";"";;"";;"";;"";"";;"";;;;;;"";;""
3,49;"S";"EUR";;;"";"1000";"10000";"";1806;"R32872";"";;"Zahlung erhalten: Bar (Kasse Standard-Kasse)";;"";;;;"";"";"";"";"";"";"";"";"";"";"";"";"";"";"";"";"";"";"";;"";;"";;;;;;"";"";"";"";"";"";"";"";"";"";"";"";"";"";"";"";"";"";"";"";"";"";"";"";"";"";"";"";"";"";"";"";"";"";"";"";"";"";"";"";;;;"";;;;"";"";;"";;;;"";"";;"";;"";;"";"";;"";;;;;;"";;""
1,99;"S";"EUR";;;"";"10000";"8300";"";1806;"R32872";"";;"22007 KARANGSARI, Erdnusssoße nicht scharf, 200 g (1)";;"";;;;"";"";"";"";"";"";"";"";"";"";"";"";"";"";"";"";"";"";"";;"";;"";;;;;;"";"";"";"";"";"";"";"";"";"";"";"";"";"";"";"";"";"";"";"";"";"";"";"";"";"";"";"";"";"";"";"";"";"";"";"";"";"";"";"";;;;"";;;;"";"";;"";;;;"";"";;"";;"";;"";"";;"";;;;;;"";;""
1,5;"S";"EUR";;;"";"10000";"8300";"";1806;"R32872";"";;"38014 Treiber Tofu, Natur Tofu, 450 g (2)";;"";;;;"";"";"";"";"";"";"";"";"";"";"";"";"";"";"";"";"";"";"";;"";;"";;;;;;"";"";"";"";"";"";"";"";"";"";"";"";"";"";"";"";"";"";"";"";"";"";"";"";"";"";"";"";"";"";"";"";"";"";"";"";"";"";"";"";;;;"";;;;"";"";;"";;;;"";"";;"";;"";;"";"";;"";;;;;;"";;""
3,69;"S";"EUR";;;"";"10000";"8300";"";1806;"R32873";"";;"21082 DUA BELIBIS, Chilli Soße, 535 ml (8)";;"";;;;"";"";"";"";"";"";"";"";"";"";"";"";"";"";"";"";"";"";"";;"";;"";;;;;;"";"";"";"";"";"";"";"";"";"";"";"";"";"";"";"";"";"";"";"";"";"";"";"";"";"";"";"";"";"";"";"";"";"";"";"";"";"";"";"";;;;"";;;;"";"";;"";;;;"";"";;"";;"";;"";"";;"";;;;;;"";;""
1,98;"S";"EUR";;;"";"10000";"8300";"";1806;"R32873";"";;"32118 TICTAC, Pilus mit Geröstetem Rinder, 100 g (7)";;"";;;;"";"";"";"";"";"";"";"";"";"";"";"";"";"";"";"";"";"";"";;"";;"";;;;;;"";"";"";"";"";"";"";"";"";"";"";"";"";"";"";"";"";"";"";"";"";"";"";"";"";"";"";"";"";"";"";"";"";"";"";"";"";"";"";"";;;;"";;;;"";"";;"";;;;"";"";;"";;"";;"";"";;"";;;;;;"";;""
0,99;"S";"EUR";;;"";"10000";"8300";"";1806;"R32873";"";;"32123 TICTAC, Pilus Original, 100 g (4)";;"";;;;"";"";"";"";"";"";"";"";"";"";"";"";"";"";"";"";"";"";"";;"";;"";;;;;;"";"";"";"";"";"";"";"";"";"";"";"";"";"";"";"";"";"";"";"";"";"";"";"";"";"";"";"";"";"";"";"";"";"";"";"";"";"";"";"";;;;"";;;;"";"";;"";;;;"";"";;"";;"";;"";"";;"";;;;;;"";;""
3,5;"S";"EUR";;;"";"10000";"8300";"";1806;"R32873";"";;"28090 NESIA, ZWiebelnchips Talie Warna, 250 g (5)";;"";;;;"";"";"";"";"";"";"";"";"";"";"";"";"";"";"";"";"";"";"";;"";;"";;;;;;"";"";"";"";"";"";"";"";"";"";"";"";"";"";"";"";"";"";"";"";"";"";"";"";"";"";"";"";"";"";"";"";"";"";"";"";"";"";"";"";;;;"";;;;"";"";;"";;;;"";"";;"";;"";;"";"";;"";;;;;;"";;""
8,5;"S";"EUR";;;"";"10000";"8400";"";1806;"R32873";"";;"81014 CAP TAWON, Minyak Gosok FF, 90 ml (10)";;"";;;;"";"";"";"";"";"";"";"";"";"";"";"";"";"";"";"";"";"";"";;"";;"";;;;;;"";"";"";"";"";"";"";"";"";"";"";"";"";"";"";"";"";"";"";"";"";"";"";"";"";"";"";"";"";"";"";"";"";"";"";"";"";"";"";"";;;;"";;;;"";"";;"";;;;"";"";;"";;"";;"";"";;"";;;;;;"";;""
1,15;"S";"EUR";;;"";"10000";"8300";"";1806;"R32873";"";;"17018 BAMBOE, süß saure vegetarische Suppe (Sayur ... (9)";;"";;;;"";"";"";"";"";"";"";"";"";"";"";"";"";"";"";"";"";"";"";;"";;"";;;;;;"";"";"";"";"";"";"";"";"";"";"";"";"";"";"";"";"";"";"";"";"";"";"";"";"";"";"";"";"";"";"";"";"";"";"";"";"";"";"";"";;;;"";;;;"";"";;"";;;;"";"";;"";;"";;"";"";;"";;;;;;"";;""
4,5;"S";"EUR";;;"";"10000";"8300";"";1806;"R32873";"";;"51036 LUWAK, weißer Kaffee, 10 x 20 g (1)";;"";;;;"";"";"";"";"";"";"";"";"";"";"";"";"";"";"";"";"";"";"";;"";;"";;;;;;"";"";"";"";"";"";"";"";"";"";"";"";"";"";"";"";"";"";"";"";"";"";"";"";"";"";"";"";"";"";"";"";"";"";"";"";"";"";"";"";;;;"";;;;"";"";;"";;;;"";"";;"";;"";;"";"";;"";;;;;;"";;""
1,98;"S";"EUR";;;"";"10000";"8300";"";1806;"R32873";"";;"12148 KOBE, BonCabe Nudeln lv 15, 105 g (2)";;"";;;;"";"";"";"";"";"";"";"";"";"";"";"";"";"";"";"";"";"";"";;"";;"";;;;;;"";"";"";"";"";"";"";"";"";"";"";"";"";"";"";"";"";"";"";"";"";"";"";"";"";"";"";"";"";"";"";"";"";"";"";"";"";"";"";"";;;;"";;;;"";"";;"";;;;"";"";;"";;"";;"";"";;"";;;;;;"";;""
0,99;"S";"EUR";;;"";"10000";"8300";"";1806;"R32873";"";;"32083 TICTAC, Pilus gegrilltes Hähnchen-Knoblauch,... (3)";;"";;;;"";"";"";"";"";"";"";"";"";"";"";"";"";"";"";"";"";"";"";;"";;"";;;;;;"";"";"";"";"";"";"";"";"";"";"";"";"";"";"";"";"";"";"";"";"";"";"";"";"";"";"";"";"";"";"";"";"";"";"";"";"";"";"";"";;;;"";;;;"";"";;"";;;;"";"";;"";;"";;"";"";;"";;;;;;"";;""
3,5;"S";"EUR";;;"";"10000";"8300";"";1806;"R32873";"";;"28031 NESIA, Gado-Gado Chips Roh, 250 g (6)";;"";;;;"";"";"";"";"";"";"";"";"";"";"";"";"";"";"";"";"";"";"";;"";;"";;;;;;"";"";"";"";"";"";"";"";"";"";"";"";"";"";"";"";"";"";"";"";"";"";"";"";"";"";"";"";"";"";"";"";"";"";"";"";"";"";"";"";;;;"";;;;"";"";;"";;;;"";"";;"";;"";;"";"";;"";;;;;;"";;""
30,78;"S";"EUR";;;"";"1360";"10000";"";1806;"R32873";"";;"Zahlung erhalten: EC (Kasse Standard-Kasse)";;"";;;;"";"";"";"";"";"";"";"";"";"";"";"";"";"";"";"";"";"";"";;"";;"";;;;;;"";"";"";"";"";"";"";"";"";"";"";"";"";"";"";"";"";"";"";"";"";"";"";"";"";"";"";"";"";"";"";"";"";"";"";"";"";"";"";"";;;;"";;;;"";"";;"";;;;"";"";;"";;"";;"";"";;"";;;;;;"";;""
4,59;"S";"EUR";;;"";"1000";"10000";"";1806;"R32874";"";;"Zahlung erhalten: Bar (Kasse Standard-Kasse)";;"";;;;"";"";"";"";"";"";"";"";"";"";"";"";"";"";"";"";"";"";"";;"";;"";;;;;;"";"";"";"";"";"";"";"";"";"";"";"";"";"";"";"";"";"";"";"";"";"";"";"";"";"";"";"";"";"";"";"";"";"";"";"";"";"";"";"";;;;"";;;;"";"";;"";;;;"";"";;"";;"";;"";"";;"";;;;;;"";;""
4,59;"S";"EUR";;;"";"10000";"8300";"";1806;"R32874";"";;"23025 BANGO, süße Sojasauce Refill, 600 ml (1)";;"";;;;"";"";"";"";"";"";"";"";"";"";"";"";"";"";"";"";"";"";"";;"";;"";;;;;;"";"";"";"";"";"";"";"";"";"";"";"";"";"";"";"";"";"";"";"";"";"";"";"";"";"";"";"";"";"";"";"";"";"";"";"";"";"";"";"";;;;"";;;;"";"";;"";;;;"";"";;"";;"";;"";"";;"";;;;;;"";;""
13,45;"S";"EUR";;;"";"10000";"8300";"";1806;"R32875";"";;"32141 MAICHI, Cassava Chips Scharf Level 5, 100 g (3)";;"";;;;"";"";"";"";"";"";"";"";"";"";"";"";"";"";"";"";"";"";"";;"";;"";;;;;;"";"";"";"";"";"";"";"";"";"";"";"";"";"";"";"";"";"";"";"";"";"";"";"";"";"";"";"";"";"";"";"";"";"";"";"";"";"";"";"";;;;"";;;;"";"";;"";;;;"";"";;"";;"";;"";"";;"";;;;;;"";;""
0,99;"S";"EUR";;;"";"10000";"8300";"";1806;"R32875";"";;"12148 KOBE, BonCabe Nudeln lv 15, 105 g (1)";;"";;;;"";"";"";"";"";"";"";"";"";"";"";"";"";"";"";"";"";"";"";;"";;"";;;;;;"";"";"";"";"";"";"";"";"";"";"";"";"";"";"";"";"";"";"";"";"";"";"";"";"";"";"";"";"";"";"";"";"";"";"";"";"";"";"";"";;;;"";;;;"";"";;"";;;;"";"";;"";;"";;"";"";;"";;;;;;"";;""
2,69;"S";"EUR";;;"";"10000";"8300";"";1806;"R32875";"";;"32163 KOBE, Boncabe Makaroni Crispy lv 15, 150 g (2)";;"";;;;"";"";"";"";"";"";"";"";"";"";"";"";"";"";"";"";"";"";"";;"";;"";;;;;;"";"";"";"";"";"";"";"";"";"";"";"";"";"";"";"";"";"";"";"";"";"";"";"";"";"";"";"";"";"";"";"";"";"";"";"";"";"";"";"";;;;"";;;;"";"";;"";;;;"";"";;"";;"";;"";"";;"";;;;;;"";;""
2,69;"S";"EUR";;;"";"10000";"8300";"";1806;"R32875";"";;"32172 KOBE, Boncabe Makaroni Crispy lv 10, 150 g (4)";;"";;;;"";"";"";"";"";"";"";"";"";"";"";"";"";"";"";"";"";"";"";;"";;"";;;;;;"";"";"";"";"";"";"";"";"";"";"";"";"";"";"";"";"";"";"";"";"";"";"";"";"";"";"";"";"";"";"";"";"";"";"";"";"";"";"";"";;;;"";;;;"";"";;"";;;;"";"";;"";;"";;"";"";;"";;;;;;"";;""
0,95;"S";"EUR";;;"";"10000";"8300";"";1806;"R32875";"";;"12145 LEMONILO, Mie Goreng Geschmack, 80 g (5)";;"";;;;"";"";"";"";"";"";"";"";"";"";"";"";"";"";"";"";"";"";"";;"";;"";;;;;;"";"";"";"";"";"";"";"";"";"";"";"";"";"";"";"";"";"";"";"";"";"";"";"";"";"";"";"";"";"";"";"";"";"";"";"";"";"";"";"";;;;"";;;;"";"";;"";;;;"";"";;"";;"";;"";"";;"";;;;;;"";;""
20,77;"S";"EUR";;;"";"1360";"10000";"";1806;"R32875";"";;"Zahlung erhalten: EC (Kasse Standard-Kasse)";;"";;;;"";"";"";"";"";"";"";"";"";"";"";"";"";"";"";"";"";"";"";;"";;"";;;;;;"";"";"";"";"";"";"";"";"";"";"";"";"";"";"";"";"";"";"";"";"";"";"";"";"";"";"";"";"";"";"";"";"";"";"";"";"";"";"";"";;;;"";;;;"";"";;"";;;;"";"";;"";;"";;"";"";;"";;;;;;"";;""
3;"S";"EUR";;;"";"10000";"8300";"";1806;"R32876";"";;"21103 KOBE, BonCabe Max End lvl 50, 30gr (1)";;"";;;;"";"";"";"";"";"";"";"";"";"";"";"";"";"";"";"";"";"";"";;"";;"";;;;;;"";"";"";"";"";"";"";"";"";"";"";"";"";"";"";"";"";"";"";"";"";"";"";"";"";"";"";"";"";"";"";"";"";"";"";"";"";"";"";"";;;;"";;;;"";"";;"";;;;"";"";;"";;"";;"";"";;"";;;;;;"";;""
3;"S";"EUR";;;"";"1360";"10000";"";1806;"R32876";"";;"Zahlung erhalten: EC (Kasse Standard-Kasse)";;"";;;;"";"";"";"";"";"";"";"";"";"";"";"";"";"";"";"";"";"";"";;"";;"";;;;;;"";"";"";"";"";"";"";"";"";"";"";"";"";"";"";"";"";"";"";"";"";"";"";"";"";"";"";"";"";"";"";"";"";"";"";"";"";"";"";"";;;;"";;;;"";"";;"";;;;"";"";;"";;"";;"";"";;"";;;;;;"";;""
6,2;"S";"EUR";;;"";"1000";"10000";"";1806;"R32877";"";;"Zahlung erhalten: Bar (Kasse Standard-Kasse)";;"";;;;"";"";"";"";"";"";"";"";"";"";"";"";"";"";"";"";"";"";"";;"";;"";;;;;;"";"";"";"";"";"";"";"";"";"";"";"";"";"";"";"";"";"";"";"";"";"";"";"";"";"";"";"";"";"";"";"";"";"";"";"";"";"";"";"";;;;"";;;;"";"";;"";;;;"";"";;"";;"";;"";"";;"";;;;;;"";;""
6,2;"S";"EUR";;;"";"10000";"8300";"";1806;"R32877";"";;"12138 SAMYANG, Instant-Nudeln Käse Gescmack, 140 g (1)";;"";;;;"";"";"";"";"";"";"";"";"";"";"";"";"";"";"";"";"";"";"";;"";;"";;;;;;"";"";"";"";"";"";"";"";"";"";"";"";"";"";"";"";"";"";"";"";"";"";"";"";"";"";"";"";"";"";"";"";"";"";"";"";"";"";"";"";;;;"";;;;"";"";;"";;;;"";"";;"";;"";;"";"";;"";;;;;;"";;""
1,69;"S";"EUR";;;"";"1000";"10000";"";1806;"R32878";"";;"Zahlung erhalten: Bar (Kasse Standard-Kasse)";;"";;;;"";"";"";"";"";"";"";"";"";"";"";"";"";"";"";"";"";"";"";;"";;"";;;;;;"";"";"";"";"";"";"";"";"";"";"";"";"";"";"";"";"";"";"";"";"";"";"";"";"";"";"";"";"";"";"";"";"";"";"";"";"";"";"";"";;;;"";;;;"";"";;"";;;;"";"";;"";;"";;"";"";;"";;;;;;"";;""
1,69;"S";"EUR";;;"";"10000";"8300";"";1806;"R32878";"";;"20005 CHAOKOH, Kokosmilch, 250ml (1)";;"";;;;"";"";"";"";"";"";"";"";"";"";"";"";"";"";"";"";"";"";"";;"";;"";;;;;;"";"";"";"";"";"";"";"";"";"";"";"";"";"";"";"";"";"";"";"";"";"";"";"";"";"";"";"";"";"";"";"";"";"";"";"";"";"";"";"";;;;"";;;;"";"";;"";;;;"";"";;"";;"";;"";"";;"";;;;;;"";;""
1,5;"S";"EUR";;;"";"10000";"8300";"";1806;"R32879";"";;"12140 SUPER BUBUR, Instant Porridge Hühnergeschmac... (12)";;"";;;;"";"";"";"";"";"";"";"";"";"";"";"";"";"";"";"";"";"";"";;"";;"";;;;;;"";"";"";"";"";"";"";"";"";"";"";"";"";"";"";"";"";"";"";"";"";"";"";"";"";"";"";"";"";"";"";"";"";"";"";"";"";"";"";"";;;;"";;;;"";"";;"";;;;"";"";;"";;"";;"";"";;"";;;;;;"";;""
2,99;"S";"EUR";;;"";"10000";"8300";"";1806;"R32879";"";;"35071 CERES, Schokostreussel Classic, 225g (11)";;"";;;;"";"";"";"";"";"";"";"";"";"";"";"";"";"";"";"";"";"";"";;"";;"";;;;;;"";"";"";"";"";"";"";"";"";"";"";"";"";"";"";"";"";"";"";"";"";"";"";"";"";"";"";"";"";"";"";"";"";"";"";"";"";"";"";"";;;;"";;;;"";"";;"";;;;"";"";;"";;"";;"";"";;"";;;;;;"";;""
3,98;"S";"EUR";;;"";"10000";"8300";"";1806;"R32879";"";;"22005 KARANGSARI, Erdnusssoße scharf, 200 g (1)";;"";;;;"";"";"";"";"";"";"";"";"";"";"";"";"";"";"";"";"";"";"";;"";;"";;;;;;"";"";"";"";"";"";"";"";"";"";"";"";"";"";"";"";"";"";"";"";"";"";"";"";"";"";"";"";"";"";"";"";"";"";"";"";"";"";"";"";;;;"";;;;"";"";;"";;;;"";"";;"";;"";;"";"";;"";;;;;;"";;""
2,59;"S";"EUR";;;"";"10000";"8300";"";1806;"R32879";"";;"29022 NESIA, Emping Melinjo scharf, 150 g (2)";;"";;;;"";"";"";"";"";"";"";"";"";"";"";"";"";"";"";"";"";"";"";;"";;"";;;;;;"";"";"";"";"";"";"";"";"";"";"";"";"";"";"";"";"";"";"";"";"";"";"";"";"";"";"";"";"";"";"";"";"";"";"";"";"";"";"";"";;;;"";;;;"";"";;"";;;;"";"";;"";;"";;"";"";;"";;;;;;"";;""
3,69;"S";"EUR";;;"";"10000";"8300";"";1806;"R32879";"";;"21082 DUA BELIBIS, Chilli Soße, 535 ml (3)";;"";;;;"";"";"";"";"";"";"";"";"";"";"";"";"";"";"";"";"";"";"";;"";;"";;;;;;"";"";"";"";"";"";"";"";"";"";"";"";"";"";"";"";"";"";"";"";"";"";"";"";"";"";"";"";"";"";"";"";"";"";"";"";"";"";"";"";;;;"";;;;"";"";;"";;;;"";"";;"";;"";;"";"";;"";;;;;;"";;""
1,9;"S";"EUR";;;"";"10000";"8300";"";1806;"R32879";"";;"12145 LEMONILO, Mie Goreng Geschmack, 80 g (4)";;"";;;;"";"";"";"";"";"";"";"";"";"";"";"";"";"";"";"";"";"";"";;"";;"";;;;;;"";"";"";"";"";"";"";"";"";"";"";"";"";"";"";"";"";"";"";"";"";"";"";"";"";"";"";"";"";"";"";"";"";"";"";"";"";"";"";"";;;;"";;;;"";"";;"";;;;"";"";;"";;"";;"";"";;"";;;;;;"";;""
11;"S";"EUR";;;"";"10000";"8300";"";1806;"R32879";"";;"21095 DUA BELIBIS, Chilipaste mit Garnelen, 170 g (5)";;"";;;;"";"";"";"";"";"";"";"";"";"";"";"";"";"";"";"";"";"";"";;"";;"";;;;;;"";"";"";"";"";"";"";"";"";"";"";"";"";"";"";"";"";"";"";"";"";"";"";"";"";"";"";"";"";"";"";"";"";"";"";"";"";"";"";"";;;;"";;;;"";"";;"";;;;"";"";;"";;"";;"";"";;"";;;;;;"";;""
3;"S";"EUR";;;"";"10000";"8300";"";1806;"R32879";"";;"12151 SUPER BUBUR, Instant Porridge Soto Geschmack... (6)";;"";;;;"";"";"";"";"";"";"";"";"";"";"";"";"";"";"";"";"";"";"";;"";;"";;;;;;"";"";"";"";"";"";"";"";"";"";"";"";"";"";"";"";"";"";"";"";"";"";"";"";"";"";"";"";"";"";"";"";"";"";"";"";"";"";"";"";;;;"";;;;"";"";;"";;;;"";"";;"";;"";;"";"";;"";;;;;;"";;""
2,69;"S";"EUR";;;"";"10000";"8300";"";1806;"R32879";"";;"32172 KOBE, Boncabe Makaroni Crispy lv 10, 150 g (7)";;"";;;;"";"";"";"";"";"";"";"";"";"";"";"";"";"";"";"";"";"";"";;"";;"";;;;;;"";"";"";"";"";"";"";"";"";"";"";"";"";"";"";"";"";"";"";"";"";"";"";"";"";"";"";"";"";"";"";"";"";"";"";"";"";"";"";"";;;;"";;;;"";"";;"";;;;"";"";;"";;"";;"";"";;"";;;;;;"";;""
1,5;"S";"EUR";;;"";"10000";"8300";"";1806;"R32879";"";;"12152 SUPER BUBUR, Instant Porridge Curry Geschmac... (8)";;"";;;;"";"";"";"";"";"";"";"";"";"";"";"";"";"";"";"";"";"";"";;"";;"";;;;;;"";"";"";"";"";"";"";"";"";"";"";"";"";"";"";"";"";"";"";"";"";"";"";"";"";"";"";"";"";"";"";"";"";"";"";"";"";"";"";"";;;;"";;;;"";"";;"";;;;"";"";;"";;"";;"";"";;"";;;;;;"";;""
0,99;"S";"EUR";;;"";"10000";"8300";"";1806;"R32879";"";;"32116 TICTAC, Pilus Scharfes, 100g (9)";;"";;;;"";"";"";"";"";"";"";"";"";"";"";"";"";"";"";"";"";"";"";;"";;"";;;;;;"";"";"";"";"";"";"";"";"";"";"";"";"";"";"";"";"";"";"";"";"";"";"";"";"";"";"";"";"";"";"";"";"";"";"";"";"";"";"";"";;;;"";;;;"";"";;"";;;;"";"";;"";;"";;"";"";;"";;;;;;"";;""
3,5;"S";"EUR";;;"";"10000";"8300";"";1806;"R32879";"";;"28045 NESIA, Zwiebel Chips Rawon, 250 g (10)";;"";;;;"";"";"";"";"";"";"";"";"";"";"";"";"";"";"";"";"";"";"";;"";;"";;;;;;"";"";"";"";"";"";"";"";"";"";"";"";"";"";"";"";"";"";"";"";"";"";"";"";"";"";"";"";"";"";"";"";"";"";"";"";"";"";"";"";;;;"";;;;"";"";;"";;;;"";"";;"";;"";;"";"";;"";;;;;;"";;""
39,33;"S";"EUR";;;"";"1360";"10000";"";1806;"R32879";"";;"Zahlung erhalten: EC (Kasse Standard-Kasse)";;"";;;;"";"";"";"";"";"";"";"";"";"";"";"";"";"";"";"";"";"";"";;"";;"";;;;;;"";"";"";"";"";"";"";"";"";"";"";"";"";"";"";"";"";"";"";"";"";"";"";"";"";"";"";"";"";"";"";"";"";"";"";"";"";"";"";"";;;;"";;;;"";"";;"";;;;"";"";;"";;"";;"";"";;"";;;;;;"";;""
1,2;"S";"EUR";;;"";"10000";"8300";"";1806;"R32880";"";;"56039 MOGU-MOGU, Mangogeschmack, 320 ml (7)";;"";;;;"";"";"";"";"";"";"";"";"";"";"";"";"";"";"";"";"";"";"";;"";;"";;;;;;"";"";"";"";"";"";"";"";"";"";"";"";"";"";"";"";"";"";"";"";"";"";"";"";"";"";"";"";"";"";"";"";"";"";"";"";"";"";"";"";;;;"";;;;"";"";;"";;;;"";"";;"";;"";;"";"";;"";;;;;;"";;""
2,5;"S";"EUR";;;"";"10000";"8300";"";1806;"R32880";"";;"38020 Treiber Tofu, Gebackenertofu, 200g (3)";;"";;;;"";"";"";"";"";"";"";"";"";"";"";"";"";"";"";"";"";"";"";;"";;"";;;;;;"";"";"";"";"";"";"";"";"";"";"";"";"";"";"";"";"";"";"";"";"";"";"";"";"";"";"";"";"";"";"";"";"";"";"";"";"";"";"";"";;;;"";;;;"";"";;"";;;;"";"";;"";;"";;"";"";;"";;;;;;"";;""
1,2;"S";"EUR";;;"";"10000";"8300";"";1806;"R32880";"";;"56040 MOGU-MOGU, Litchigeschmack, 320 ml (8)";;"";;;;"";"";"";"";"";"";"";"";"";"";"";"";"";"";"";"";"";"";"";;"";;"";;;;;;"";"";"";"";"";"";"";"";"";"";"";"";"";"";"";"";"";"";"";"";"";"";"";"";"";"";"";"";"";"";"";"";"";"";"";"";"";"";"";"";;;;"";;;;"";"";;"";;;;"";"";;"";;"";;"";"";;"";;;;;;"";;""
0,75;"S";"EUR";;;"";"10000";"8300";"";1806;"R32880";"";;"11022 BIHUNKU, Gebratene Instant-Reisnudeln, 60 g (10)";;"";;;;"";"";"";"";"";"";"";"";"";"";"";"";"";"";"";"";"";"";"";;"";;"";;;;;;"";"";"";"";"";"";"";"";"";"";"";"";"";"";"";"";"";"";"";"";"";"";"";"";"";"";"";"";"";"";"";"";"";"";"";"";"";"";"";"";;;;"";;;;"";"";;"";;;;"";"";;"";;"";;"";"";;"";;;;;;"";;""
1,2;"S";"EUR";;;"";"10000";"8300";"";1806;"R32880";"";;"12000 ABC, Instant-Nudeln Zwiebel Huhn Geschmack, ... (9)";;"";;;;"";"";"";"";"";"";"";"";"";"";"";"";"";"";"";"";"";"";"";;"";;"";;;;;;"";"";"";"";"";"";"";"";"";"";"";"";"";"";"";"";"";"";"";"";"";"";"";"";"";"";"";"";"";"";"";"";"";"";"";"";"";"";"";"";;;;"";;;;"";"";;"";;;;"";"";;"";;"";;"";"";;"";;;;;;"";;""
3,5;"S";"EUR";;;"";"10000";"8300";"";1806;"R32880";"";;"28037 NESIA, Dorf Crackers Mie Besar, 250 g (6)";;"";;;;"";"";"";"";"";"";"";"";"";"";"";"";"";"";"";"";"";"";"";;"";;"";;;;;;"";"";"";"";"";"";"";"";"";"";"";"";"";"";"";"";"";"";"";"";"";"";"";"";"";"";"";"";"";"";"";"";"";"";"";"";"";"";"";"";;;;"";;;;"";"";;"";;;;"";"";;"";;"";;"";"";;"";;;;;;"";;""
3,5;"S";"EUR";;;"";"10000";"8300";"";1806;"R32880";"";;"32095 NESIA, Süß&Würzig Zwiebelnchips Gendar , 200... (5)";;"";;;;"";"";"";"";"";"";"";"";"";"";"";"";"";"";"";"";"";"";"";;"";;"";;;;;;"";"";"";"";"";"";"";"";"";"";"";"";"";"";"";"";"";"";"";"";"";"";"";"";"";"";"";"";"";"";"";"";"";"";"";"";"";"";"";"";;;;"";;;;"";"";;"";;;;"";"";;"";;"";;"";"";;"";;;;;;"";;""
0,85;"S";"EUR";;;"";"10000";"8300";"";1806;"R32880";"";;"12154 BEST WOK, Instant-Nudeln Meeresfrüchte mit s... (4)";;"";;;;"";"";"";"";"";"";"";"";"";"";"";"";"";"";"";"";"";"";"";;"";;"";;;;;;"";"";"";"";"";"";"";"";"";"";"";"";"";"";"";"";"";"";"";"";"";"";"";"";"";"";"";"";"";"";"";"";"";"";"";"";"";"";"";"";;;;"";;;;"";"";;"";;;;"";"";;"";;"";;"";"";;"";;;;;;"";;""
1,75;"S";"EUR";;;"";"10000";"8300";"";1806;"R32880";"";;"32168 DUA KELINCI, Sukro Oven Scharf, 100 g (1)";;"";;;;"";"";"";"";"";"";"";"";"";"";"";"";"";"";"";"";"";"";"";;"";;"";;;;;;"";"";"";"";"";"";"";"";"";"";"";"";"";"";"";"";"";"";"";"";"";"";"";"";"";"";"";"";"";"";"";"";"";"";"";"";"";"";"";"";;;;"";;;;"";"";;"";;;;"";"";;"";;"";;"";"";;"";;;;;;"";;""
1,55;"S";"EUR";;;"";"10000";"8300";"";1806;"R32880";"";;"12138 SAMYANG, Instant-Nudeln Käse Gescmack, 140 g (2)";;"";;;;"";"";"";"";"";"";"";"";"";"";"";"";"";"";"";"";"";"";"";;"";;"";;;;;;"";"";"";"";"";"";"";"";"";"";"";"";"";"";"";"";"";"";"";"";"";"";"";"";"";"";"";"";"";"";"";"";"";"";"";"";"";"";"";"";;;;"";;;;"";"";;"";;;;"";"";;"";;"";;"";"";;"";;;;;;"";;""
18;"S";"EUR";;;"";"1360";"10000";"";1806;"R32880";"";;"Zahlung erhalten: EC (Kasse Standard-Kasse)";;"";;;;"";"";"";"";"";"";"";"";"";"";"";"";"";"";"";"";"";"";"";;"";;"";;;;;;"";"";"";"";"";"";"";"";"";"";"";"";"";"";"";"";"";"";"";"";"";"";"";"";"";"";"";"";"";"";"";"";"";"";"";"";"";"";"";"";;;;"";;;;"";"";;"";;;;"";"";;"";;"";;"";"";;"";;;;;;"";;""
7,38;"S";"EUR";;;"";"10000";"8300";"";1806;"R32881";"";;"21082 DUA BELIBIS, Chilli Soße, 535 ml (18)";;"";;;;"";"";"";"";"";"";"";"";"";"";"";"";"";"";"";"";"";"";"";;"";;"";;;;;;"";"";"";"";"";"";"";"";"";"";"";"";"";"";"";"";"";"";"";"";"";"";"";"";"";"";"";"";"";"";"";"";"";"";"";"";"";"";"";"";;;;"";;;;"";"";;"";;;;"";"";;"";;"";;"";"";;"";;;;;;"";;""
3;"S";"EUR";;;"";"10000";"8300";"";1806;"R32881";"";;"14028 KOBE, Mehrzweckgewürzmischung Special, 75 g (1)";;"";;;;"";"";"";"";"";"";"";"";"";"";"";"";"";"";"";"";"";"";"";;"";;"";;;;;;"";"";"";"";"";"";"";"";"";"";"";"";"";"";"";"";"";"";"";"";"";"";"";"";"";"";"";"";"";"";"";"";"";"";"";"";"";"";"";"";;;;"";;;;"";"";;"";;;;"";"";;"";;"";;"";"";;"";;;;;;"";;""
1,5;"S";"EUR";;;"";"10000";"8300";"";1806;"R32881";"";;"35044 SWALLOW GLOBE, Agar-Agar Pulver Ohne Farbe, ... (2)";;"";;;;"";"";"";"";"";"";"";"";"";"";"";"";"";"";"";"";"";"";"";;"";;"";;;;;;"";"";"";"";"";"";"";"";"";"";"";"";"";"";"";"";"";"";"";"";"";"";"";"";"";"";"";"";"";"";"";"";"";"";"";"";"";"";"";"";;;;"";;;;"";"";;"";;;;"";"";;"";;"";;"";"";;"";;;;;;"";;""
1;"S";"EUR";;;"";"10000";"8300";"";1806;"R32881";"";;"35087 NUTRIJELL, Jellypulver mit Hönigmelone-Gesch... (3)";;"";;;;"";"";"";"";"";"";"";"";"";"";"";"";"";"";"";"";"";"";"";;"";;"";;;;;;"";"";"";"";"";"";"";"";"";"";"";"";"";"";"";"";"";"";"";"";"";"";"";"";"";"";"";"";"";"";"";"";"";"";"";"";"";"";"";"";;;;"";;;;"";"";;"";;;;"";"";;"";;"";;"";"";;"";;;;;;"";;""
1,5;"S";"EUR";;;"";"10000";"8300";"";1806;"R32881";"";;"14006 KOBE, Kentucky Super Crispy, 75 g (4)";;"";;;;"";"";"";"";"";"";"";"";"";"";"";"";"";"";"";"";"";"";"";;"";;"";;;;;;"";"";"";"";"";"";"";"";"";"";"";"";"";"";"";"";"";"";"";"";"";"";"";"";"";"";"";"";"";"";"";"";"";"";"";"";"";"";"";"";;;;"";;;;"";"";;"";;;;"";"";;"";;"";;"";"";;"";;;;;;"";;""
0,99;"S";"EUR";;;"";"10000";"8300";"";1806;"R32881";"";;"32083 TICTAC, Pilus gegrilltes Hähnchen-Knoblauch,... (5)";;"";;;;"";"";"";"";"";"";"";"";"";"";"";"";"";"";"";"";"";"";"";;"";;"";;;;;;"";"";"";"";"";"";"";"";"";"";"";"";"";"";"";"";"";"";"";"";"";"";"";"";"";"";"";"";"";"";"";"";"";"";"";"";"";"";"";"";;;;"";;;;"";"";;"";;;;"";"";;"";;"";;"";"";;"";;;;;;"";;""
0,99;"S";"EUR";;;"";"10000";"8300";"";1806;"R32881";"";;"32171 TICTAC, Pilus Mix, 100 g (6)";;"";;;;"";"";"";"";"";"";"";"";"";"";"";"";"";"";"";"";"";"";"";;"";;"";;;;;;"";"";"";"";"";"";"";"";"";"";"";"";"";"";"";"";"";"";"";"";"";"";"";"";"";"";"";"";"";"";"";"";"";"";"";"";"";"";"";"";;;;"";;;;"";"";;"";;;;"";"";;"";;"";;"";"";;"";;;;;;"";;""
1;"S";"EUR";;;"";"10000";"8300";"";1806;"R32881";"";;"35081 NUTRIJELL, Jellypulver Original Geschmack, 1... (7)";;"";;;;"";"";"";"";"";"";"";"";"";"";"";"";"";"";"";"";"";"";"";;"";;"";;;;;;"";"";"";"";"";"";"";"";"";"";"";"";"";"";"";"";"";"";"";"";"";"";"";"";"";"";"";"";"";"";"";"";"";"";"";"";"";"";"";"";;;;"";;;;"";"";;"";;;;"";"";;"";;"";;"";"";;"";;;;;;"";;""
0,99;"S";"EUR";;;"";"10000";"8300";"";1806;"R32881";"";;"32117 TICTAC, Pilus Algen Geschmack, 100 g (8)";;"";;;;"";"";"";"";"";"";"";"";"";"";"";"";"";"";"";"";"";"";"";;"";;"";;;;;;"";"";"";"";"";"";"";"";"";"";"";"";"";"";"";"";"";"";"";"";"";"";"";"";"";"";"";"";"";"";"";"";"";"";"";"";"";"";"";"";;;;"";;;;"";"";;"";;;;"";"";;"";;"";;"";"";;"";;;;;;"";;""
1,5;"S";"EUR";;;"";"10000";"8300";"";1806;"R32881";"";;"56033 Paldo, Aloe Vera Original Getränke, 500ml (17)";;"";;;;"";"";"";"";"";"";"";"";"";"";"";"";"";"";"";"";"";"";"";;"";;"";;;;;;"";"";"";"";"";"";"";"";"";"";"";"";"";"";"";"";"";"";"";"";"";"";"";"";"";"";"";"";"";"";"";"";"";"";"";"";"";"";"";"";;;;"";;;;"";"";;"";;;;"";"";;"";;"";;"";"";;"";;;;;;"";;""
0,85;"S";"EUR";;;"";"10000";"8300";"";1806;"R32881";"";;"12155 BEST WOK, Instant-Nudeln Original 80g (10)";;"";;;;"";"";"";"";"";"";"";"";"";"";"";"";"";"";"";"";"";"";"";;"";;"";;;;;;"";"";"";"";"";"";"";"";"";"";"";"";"";"";"";"";"";"";"";"";"";"";"";"";"";"";"";"";"";"";"";"";"";"";"";"";"";"";"";"";;;;"";;;;"";"";;"";;;;"";"";;"";;"";;"";"";;"";;;;;;"";;""
0,85;"S";"EUR";;;"";"10000";"8300";"";1806;"R32881";"";;"12153 BEST WOK, Instant-Nudeln Scharf 80g (11)";;"";;;;"";"";"";"";"";"";"";"";"";"";"";"";"";"";"";"";"";"";"";;"";;"";;;;;;"";"";"";"";"";"";"";"";"";"";"";"";"";"";"";"";"";"";"";"";"";"";"";"";"";"";"";"";"";"";"";"";"";"";"";"";"";"";"";"";;;;"";;;;"";"";;"";;;;"";"";;"";;"";;"";"";;"";;;;;;"";;""
1,89;"S";"EUR";;;"";"10000";"8300";"";1806;"R32881";"";;"14004 KOBE, Mehl für Kentucky Original, 150 g (12)";;"";;;;"";"";"";"";"";"";"";"";"";"";"";"";"";"";"";"";"";"";"";;"";;"";;;;;;"";"";"";"";"";"";"";"";"";"";"";"";"";"";"";"";"";"";"";"";"";"";"";"";"";"";"";"";"";"";"";"";"";"";"";"";"";"";"";"";;;;"";;;;"";"";;"";;;;"";"";;"";;"";;"";"";;"";;;;;;"";;""
3,75;"S";"EUR";;;"";"10000";"8300";"";1806;"R32881";"";;"21084 NESIA, Chilipaste (Sambal) Roa, 210 g (13)";;"";;;;"";"";"";"";"";"";"";"";"";"";"";"";"";"";"";"";"";"";"";;"";;"";;;;;;"";"";"";"";"";"";"";"";"";"";"";"";"";"";"";"";"";"";"";"";"";"";"";"";"";"";"";"";"";"";"";"";"";"";"";"";"";"";"";"";;;;"";;;;"";"";;"";;;;"";"";;"";;"";;"";"";;"";;;;;;"";;""
2,89;"S";"EUR";;;"";"10000";"8300";"";1806;"R32881";"";;"56042 COCO XIM, Kokoswasser, 1000 ml (14)";;"";;;;"";"";"";"";"";"";"";"";"";"";"";"";"";"";"";"";"";"";"";;"";;"";;;;;;"";"";"";"";"";"";"";"";"";"";"";"";"";"";"";"";"";"";"";"";"";"";"";"";"";"";"";"";"";"";"";"";"";"";"";"";"";"";"";"";;;;"";;;;"";"";;"";;;;"";"";;"";;"";;"";"";;"";;;;;;"";;""
4,5;"S";"EUR";;;"";"10000";"8300";"";1806;"R32881";"";;"55014 MARJAN, Sirup mit Litchigeschmack 460 ml (15)";;"";;;;"";"";"";"";"";"";"";"";"";"";"";"";"";"";"";"";"";"";"";;"";;"";;;;;;"";"";"";"";"";"";"";"";"";"";"";"";"";"";"";"";"";"";"";"";"";"";"";"";"";"";"";"";"";"";"";"";"";"";"";"";"";"";"";"";;;;"";;;;"";"";;"";;;;"";"";;"";;"";;"";"";;"";;;;;;"";;""
4,5;"S";"EUR";;;"";"10000";"8300";"";1806;"R32881";"";;"55007 MARJAN, Sirup mit Honigmelonengeschmack, 460... (16)";;"";;;;"";"";"";"";"";"";"";"";"";"";"";"";"";"";"";"";"";"";"";;"";;"";;;;;;"";"";"";"";"";"";"";"";"";"";"";"";"";"";"";"";"";"";"";"";"";"";"";"";"";"";"";"";"";"";"";"";"";"";"";"";"";"";"";"";;;;"";;;;"";"";;"";;;;"";"";;"";;"";;"";"";;"";;;;;;"";;""
0,85;"S";"EUR";;;"";"10000";"8300";"";1806;"R32881";"";;"12154 BEST WOK, Instant-Nudeln Meeresfrüchte mit s... (9)";;"";;;;"";"";"";"";"";"";"";"";"";"";"";"";"";"";"";"";"";"";"";;"";;"";;;;;;"";"";"";"";"";"";"";"";"";"";"";"";"";"";"";"";"";"";"";"";"";"";"";"";"";"";"";"";"";"";"";"";"";"";"";"";"";"";"";"";;;;"";;;;"";"";;"";;;;"";"";;"";;"";;"";"";;"";;;;;;"";;""
39,93;"S";"EUR";;;"";"1360";"10000";"";1806;"R32881";"";;"Zahlung erhalten: EC (Kasse Standard-Kasse)";;"";;;;"";"";"";"";"";"";"";"";"";"";"";"";"";"";"";"";"";"";"";;"";;"";;;;;;"";"";"";"";"";"";"";"";"";"";"";"";"";"";"";"";"";"";"";"";"";"";"";"";"";"";"";"";"";"";"";"";"";"";"";"";"";"";"";"";;;;"";;;;"";"";;"";;;;"";"";;"";;"";;"";"";;"";;;;;;"";;""
4,59;"S";"EUR";;;"";"10000";"8300";"";1806;"R32882";"";;"52009 ENERGEN, Instant Cereal Schokolade, 10x30 g (6)";;"";;;;"";"";"";"";"";"";"";"";"";"";"";"";"";"";"";"";"";"";"";;"";;"";;;;;;"";"";"";"";"";"";"";"";"";"";"";"";"";"";"";"";"";"";"";"";"";"";"";"";"";"";"";"";"";"";"";"";"";"";"";"";"";"";"";"";;;;"";;;;"";"";;"";;;;"";"";;"";;"";;"";"";;"";;;;;;"";;""
2,6;"S";"EUR";;;"";"10000";"8300";"";1806;"R32882";"";;"32159 ASTOR, Wafer Stick Roll, 150 g (5)";;"";;;;"";"";"";"";"";"";"";"";"";"";"";"";"";"";"";"";"";"";"";;"";;"";;;;;;"";"";"";"";"";"";"";"";"";"";"";"";"";"";"";"";"";"";"";"";"";"";"";"";"";"";"";"";"";"";"";"";"";"";"";"";"";"";"";"";;;;"";;;;"";"";;"";;;;"";"";;"";;"";;"";"";;"";;;;;;"";;""
1,7;"S";"EUR";;;"";"10000";"8300";"";1806;"R32882";"";;"12155 BEST WOK, Instant-Nudeln Original 80g (4)";;"";;;;"";"";"";"";"";"";"";"";"";"";"";"";"";"";"";"";"";"";"";;"";;"";;;;;;"";"";"";"";"";"";"";"";"";"";"";"";"";"";"";"";"";"";"";"";"";"";"";"";"";"";"";"";"";"";"";"";"";"";"";"";"";"";"";"";;;;"";;;;"";"";;"";;;;"";"";;"";;"";;"";"";;"";;;;;;"";;""
11;"S";"EUR";;;"";"10000";"8400";"";1806;"R32882";"";;"80000 SIDOMUNCUL, Tolak Angin, 12 x 15 ml (3)";;"";;;;"";"";"";"";"";"";"";"";"";"";"";"";"";"";"";"";"";"";"";;"";;"";;;;;;"";"";"";"";"";"";"";"";"";"";"";"";"";"";"";"";"";"";"";"";"";"";"";"";"";"";"";"";"";"";"";"";"";"";"";"";"";"";"";"";;;;"";;;;"";"";;"";;;;"";"";;"";;"";;"";"";;"";;;;;;"";;""
2,5;"S";"EUR";;;"";"10000";"8300";"";1806;"R32882";"";;"32036 KUSUKA, Cassava Chips mit Barbeque Geschmack... (2)";;"";;;;"";"";"";"";"";"";"";"";"";"";"";"";"";"";"";"";"";"";"";;"";;"";;;;;;"";"";"";"";"";"";"";"";"";"";"";"";"";"";"";"";"";"";"";"";"";"";"";"";"";"";"";"";"";"";"";"";"";"";"";"";"";"";"";"";;;;"";;;;"";"";;"";;;;"";"";;"";;"";;"";"";;"";;;;;;"";;""
5,78;"S";"EUR";;;"";"10000";"8300";"";1806;"R32882";"";;"56042 COCO XIM, Kokoswasser, 1000 ml (1)";;"";;;;"";"";"";"";"";"";"";"";"";"";"";"";"";"";"";"";"";"";"";;"";;"";;;;;;"";"";"";"";"";"";"";"";"";"";"";"";"";"";"";"";"";"";"";"";"";"";"";"";"";"";"";"";"";"";"";"";"";"";"";"";"";"";"";"";;;;"";;;;"";"";;"";;;;"";"";;"";;"";;"";"";;"";;;;;;"";;""
28,17;"S";"EUR";;;"";"1360";"10000";"";1806;"R32882";"";;"Zahlung erhalten: EC (Kasse Standard-Kasse)";;"";;;;"";"";"";"";"";"";"";"";"";"";"";"";"";"";"";"";"";"";"";;"";;"";;;;;;"";"";"";"";"";"";"";"";"";"";"";"";"";"";"";"";"";"";"";"";"";"";"";"";"";"";"";"";"";"";"";"";"";"";"";"";"";"";"";"";;;;"";;;;"";"";;"";;;;"";"";;"";;"";;"";"";;"";;;;;;"";;""
9,07;"S";"EUR";;;"";"1000";"10000";"";1806;"R32883";"";;"Zahlung erhalten: Bar (Kasse Standard-Kasse)";;"";;;;"";"";"";"";"";"";"";"";"";"";"";"";"";"";"";"";"";"";"";;"";;"";;;;;;"";"";"";"";"";"";"";"";"";"";"";"";"";"";"";"";"";"";"";"";"";"";"";"";"";"";"";"";"";"";"";"";"";"";"";"";"";"";"";"";;;;"";;;;"";"";;"";;;;"";"";;"";;"";;"";"";;"";;;;;;"";;""
2,69;"S";"EUR";;;"";"10000";"8300";"";1806;"R32883";"";;"32163 KOBE, Boncabe Makaroni Crispy lv 15, 150 g (1)";;"";;;;"";"";"";"";"";"";"";"";"";"";"";"";"";"";"";"";"";"";"";;"";;"";;;;;;"";"";"";"";"";"";"";"";"";"";"";"";"";"";"";"";"";"";"";"";"";"";"";"";"";"";"";"";"";"";"";"";"";"";"";"";"";"";"";"";;;;"";;;;"";"";;"";;;;"";"";;"";;"";;"";"";;"";;;;;;"";;""
3,69;"S";"EUR";;;"";"10000";"8300";"";1806;"R32883";"";;"21082 DUA BELIBIS, Chilli Soße, 535 ml (2)";;"";;;;"";"";"";"";"";"";"";"";"";"";"";"";"";"";"";"";"";"";"";;"";;"";;;;;;"";"";"";"";"";"";"";"";"";"";"";"";"";"";"";"";"";"";"";"";"";"";"";"";"";"";"";"";"";"";"";"";"";"";"";"";"";"";"";"";;;;"";;;;"";"";;"";;;;"";"";;"";;"";;"";"";;"";;;;;;"";;""
2,69;"S";"EUR";;;"";"10000";"8300";"";1806;"R32883";"";;"32172 KOBE, Boncabe Makaroni Crispy lv 10, 150 g (3)";;"";;;;"";"";"";"";"";"";"";"";"";"";"";"";"";"";"";"";"";"";"";;"";;"";;;;;;"";"";"";"";"";"";"";"";"";"";"";"";"";"";"";"";"";"";"";"";"";"";"";"";"";"";"";"";"";"";"";"";"";"";"";"";"";"";"";"";;;;"";;;;"";"";;"";;;;"";"";;"";;"";;"";"";;"";;;;;;"";;""
2,55;"S";"EUR";;;"";"10000";"8300";"";1806;"R32884";"";;"12155 BEST WOK, Instant-Nudeln Original 80g (1)";;"";;;;"";"";"";"";"";"";"";"";"";"";"";"";"";"";"";"";"";"";"";;"";;"";;;;;;"";"";"";"";"";"";"";"";"";"";"";"";"";"";"";"";"";"";"";"";"";"";"";"";"";"";"";"";"";"";"";"";"";"";"";"";"";"";"";"";;;;"";;;;"";"";;"";;;;"";"";;"";;"";;"";"";;"";;;;;;"";;""
2,55;"S";"EUR";;;"";"10000";"8300";"";1806;"R32884";"";;"12154 BEST WOK, Instant-Nudeln Meeresfrüchte mit s... (2)";;"";;;;"";"";"";"";"";"";"";"";"";"";"";"";"";"";"";"";"";"";"";;"";;"";;;;;;"";"";"";"";"";"";"";"";"";"";"";"";"";"";"";"";"";"";"";"";"";"";"";"";"";"";"";"";"";"";"";"";"";"";"";"";"";"";"";"";;;;"";;;;"";"";;"";;;;"";"";;"";;"";;"";"";;"";;;;;;"";;""
2,55;"S";"EUR";;;"";"10000";"8300";"";1806;"R32884";"";;"12153 BEST WOK, Instant-Nudeln Scharf 80g (3)";;"";;;;"";"";"";"";"";"";"";"";"";"";"";"";"";"";"";"";"";"";"";;"";;"";;;;;;"";"";"";"";"";"";"";"";"";"";"";"";"";"";"";"";"";"";"";"";"";"";"";"";"";"";"";"";"";"";"";"";"";"";"";"";"";"";"";"";;;;"";;;;"";"";;"";;;;"";"";;"";;"";;"";"";;"";;;;;;"";;""
1,2;"S";"EUR";;;"";"10000";"8300";"";1806;"R32884";"";;"56038 MOGU-MOGU, Melonegeschmack mit Nata de Coco,... (4)";;"";;;;"";"";"";"";"";"";"";"";"";"";"";"";"";"";"";"";"";"";"";;"";;"";;;;;;"";"";"";"";"";"";"";"";"";"";"";"";"";"";"";"";"";"";"";"";"";"";"";"";"";"";"";"";"";"";"";"";"";"";"";"";"";"";"";"";;;;"";;;;"";"";;"";;;;"";"";;"";;"";;"";"";;"";;;;;;"";;""
5,5;"S";"EUR";;;"";"10000";"8400";"";1806;"R32884";"";;"80000 SIDOMUNCUL, Tolak Angin, 12 x 15 ml (5)";;"";;;;"";"";"";"";"";"";"";"";"";"";"";"";"";"";"";"";"";"";"";;"";;"";;;;;;"";"";"";"";"";"";"";"";"";"";"";"";"";"";"";"";"";"";"";"";"";"";"";"";"";"";"";"";"";"";"";"";"";"";"";"";"";"";"";"";;;;"";;;;"";"";;"";;;;"";"";;"";;"";;"";"";;"";;;;;;"";;""
14,35;"S";"EUR";;;"";"1360";"10000";"";1806;"R32884";"";;"Zahlung erhalten: EC (Kasse Standard-Kasse)";;"";;;;"";"";"";"";"";"";"";"";"";"";"";"";"";"";"";"";"";"";"";;"";;"";;;;;;"";"";"";"";"";"";"";"";"";"";"";"";"";"";"";"";"";"";"";"";"";"";"";"";"";"";"";"";"";"";"";"";"";"";"";"";"";"";"";"";;;;"";;;;"";"";;"";;;;"";"";;"";;"";;"";"";;"";;;;;;"";;""
7,25;"S";"EUR";;;"";"1000";"10000";"";1806;"R32885";"";;"Zahlung erhalten: Bar (Kasse Standard-Kasse)";;"";;;;"";"";"";"";"";"";"";"";"";"";"";"";"";"";"";"";"";"";"";;"";;"";;;;;;"";"";"";"";"";"";"";"";"";"";"";"";"";"";"";"";"";"";"";"";"";"";"";"";"";"";"";"";"";"";"";"";"";"";"";"";"";"";"";"";;;;"";;;;"";"";;"";;;;"";"";;"";;"";;"";"";;"";;;;;;"";;""
7,25;"S";"EUR";;;"";"10000";"8300";"";1806;"R32885";"";;"12101 SAMYANG, Instant-Nudeln Ultra Scharf, 140 g (1)";;"";;;;"";"";"";"";"";"";"";"";"";"";"";"";"";"";"";"";"";"";"";;"";;"";;;;;;"";"";"";"";"";"";"";"";"";"";"";"";"";"";"";"";"";"";"";"";"";"";"";"";"";"";"";"";"";"";"";"";"";"";"";"";"";"";"";"";;;;"";;;;"";"";;"";;;;"";"";;"";;"";;"";"";;"";;;;;;"";;""
1,89;"S";"EUR";;;"";"10000";"8300";"";1806;"R32886";"";;"35053 SRUUT, Dawet Mehl (Cendol) Pandan, 100 g (2)";;"";;;;"";"";"";"";"";"";"";"";"";"";"";"";"";"";"";"";"";"";"";;"";;"";;;;;;"";"";"";"";"";"";"";"";"";"";"";"";"";"";"";"";"";"";"";"";"";"";"";"";"";"";"";"";"";"";"";"";"";"";"";"";"";"";"";"";;;;"";;;;"";"";;"";;;;"";"";;"";;"";;"";"";;"";;;;;;"";;""
1,5;"S";"EUR";;;"";"10000";"8300";"";1806;"R32886";"";;"56033 Paldo, Aloe Vera Original Getränke, 500ml (6)";;"";;;;"";"";"";"";"";"";"";"";"";"";"";"";"";"";"";"";"";"";"";;"";;"";;;;;;"";"";"";"";"";"";"";"";"";"";"";"";"";"";"";"";"";"";"";"";"";"";"";"";"";"";"";"";"";"";"";"";"";"";"";"";"";"";"";"";;;;"";;;;"";"";;"";;;;"";"";;"";;"";;"";"";;"";;;;;;"";;""
3;"S";"EUR";;;"";"10000";"8300";"";1806;"R32886";"";;"54024 NUTRISARI, Florida Orange 10 x 14 gr (1)";;"";;;;"";"";"";"";"";"";"";"";"";"";"";"";"";"";"";"";"";"";"";;"";;"";;;;;;"";"";"";"";"";"";"";"";"";"";"";"";"";"";"";"";"";"";"";"";"";"";"";"";"";"";"";"";"";"";"";"";"";"";"";"";"";"";"";"";;;;"";;;;"";"";;"";;;;"";"";;"";;"";;"";"";;"";;;;;;"";;""
1,99;"S";"EUR";;;"";"10000";"8300";"";1806;"R32886";"";;"31020 Nivo, Palm Zucker (Bar), 250 g (5)";;"";;;;"";"";"";"";"";"";"";"";"";"";"";"";"";"";"";"";"";"";"";;"";;"";;;;;;"";"";"";"";"";"";"";"";"";"";"";"";"";"";"";"";"";"";"";"";"";"";"";"";"";"";"";"";"";"";"";"";"";"";"";"";"";"";"";"";;;;"";;;;"";"";;"";;;;"";"";;"";;"";;"";"";;"";;;;;;"";;""
3,58;"S";"EUR";;;"";"10000";"8300";"";1806;"R32886";"";;"20033 Golden Turtle, Kokosmilch, 330ml (3)";;"";;;;"";"";"";"";"";"";"";"";"";"";"";"";"";"";"";"";"";"";"";;"";;"";;;;;;"";"";"";"";"";"";"";"";"";"";"";"";"";"";"";"";"";"";"";"";"";"";"";"";"";"";"";"";"";"";"";"";"";"";"";"";"";"";"";"";;;;"";;;;"";"";;"";;;;"";"";;"";;"";;"";"";;"";;;;;;"";;""
1;"S";"EUR";;;"";"10000";"8300";"";1806;"R32886";"";;"18034 Royco, Rindfleischbällchensoße, 100 g (4)";;"";;;;"";"";"";"";"";"";"";"";"";"";"";"";"";"";"";"";"";"";"";;"";;"";;;;;;"";"";"";"";"";"";"";"";"";"";"";"";"";"";"";"";"";"";"";"";"";"";"";"";"";"";"";"";"";"";"";"";"";"";"";"";"";"";"";"";;;;"";;;;"";"";;"";;;;"";"";;"";;"";;"";"";;"";;;;;;"";;""
12,96;"S";"EUR";;;"";"1360";"10000";"";1806;"R32886";"";;"Zahlung erhalten: EC (Kasse Standard-Kasse)";;"";;;;"";"";"";"";"";"";"";"";"";"";"";"";"";"";"";"";"";"";"";;"";;"";;;;;;"";"";"";"";"";"";"";"";"";"";"";"";"";"";"";"";"";"";"";"";"";"";"";"";"";"";"";"";"";"";"";"";"";"";"";"";"";"";"";"";;;;"";;;;"";"";;"";;;;"";"";;"";;"";;"";"";;"";;;;;;"";;""
5,38;"S";"EUR";;;"";"10000";"8300";"";1806;"R32887";"";;"32140 MAICHI, Cassava Chips Scharf Level 10, 100 g (12)";;"";;;;"";"";"";"";"";"";"";"";"";"";"";"";"";"";"";"";"";"";"";;"";;"";;;;;;"";"";"";"";"";"";"";"";"";"";"";"";"";"";"";"";"";"";"";"";"";"";"";"";"";"";"";"";"";"";"";"";"";"";"";"";"";"";"";"";;;;"";;;;"";"";;"";;;;"";"";;"";;"";;"";"";;"";;;;;;"";;""
5,97;"S";"EUR";;;"";"10000";"8300";"";1806;"R32887";"";;"32006 DUA KELINCI, Shanghai Erdnüsse Original, 200... (1)";;"";;;;"";"";"";"";"";"";"";"";"";"";"";"";"";"";"";"";"";"";"";;"";;"";;;;;;"";"";"";"";"";"";"";"";"";"";"";"";"";"";"";"";"";"";"";"";"";"";"";"";"";"";"";"";"";"";"";"";"";"";"";"";"";"";"";"";;;;"";;;;"";"";;"";;;;"";"";;"";;"";;"";"";;"";;;;;;"";;""
2;"S";"EUR";;;"";"10000";"8300";"";1806;"R32887";"";;"35090 NUTRIJELL, Jellypulver mit Mango-Geschmack, ... (2)";;"";;;;"";"";"";"";"";"";"";"";"";"";"";"";"";"";"";"";"";"";"";;"";;"";;;;;;"";"";"";"";"";"";"";"";"";"";"";"";"";"";"";"";"";"";"";"";"";"";"";"";"";"";"";"";"";"";"";"";"";"";"";"";"";"";"";"";;;;"";;;;"";"";;"";;;;"";"";;"";;"";;"";"";;"";;;;;;"";;""
1;"S";"EUR";;;"";"10000";"8300";"";1806;"R32887";"";;"16065 MASAKO, Rindfleisch-Extrakt-Gewürz, 250 g (3)";;"";;;;"";"";"";"";"";"";"";"";"";"";"";"";"";"";"";"";"";"";"";;"";;"";;;;;;"";"";"";"";"";"";"";"";"";"";"";"";"";"";"";"";"";"";"";"";"";"";"";"";"";"";"";"";"";"";"";"";"";"";"";"";"";"";"";"";;;;"";;;;"";"";;"";;;;"";"";;"";;"";;"";"";;"";;;;;;"";;""
5,67;"S";"EUR";;;"";"10000";"8300";"";1806;"R32887";"";;"35053 SRUUT, Dawet Mehl (Cendol) Pandan, 100 g (4)";;"";;;;"";"";"";"";"";"";"";"";"";"";"";"";"";"";"";"";"";"";"";;"";;"";;;;;;"";"";"";"";"";"";"";"";"";"";"";"";"";"";"";"";"";"";"";"";"";"";"";"";"";"";"";"";"";"";"";"";"";"";"";"";"";"";"";"";;;;"";;;;"";"";;"";;;;"";"";;"";;"";;"";"";;"";;;;;;"";;""
1;"S";"EUR";;;"";"10000";"8300";"";1806;"R32887";"";;"35088 NUTRIJELL, Jellypulver mit Guava-Geschmack, ... (5)";;"";;;;"";"";"";"";"";"";"";"";"";"";"";"";"";"";"";"";"";"";"";;"";;"";;;;;;"";"";"";"";"";"";"";"";"";"";"";"";"";"";"";"";"";"";"";"";"";"";"";"";"";"";"";"";"";"";"";"";"";"";"";"";"";"";"";"";;;;"";;;;"";"";;"";;;;"";"";;"";;"";;"";"";;"";;;;;;"";;""
2,69;"S";"EUR";;;"";"10000";"8300";"";1806;"R32887";"";;"32163 KOBE, Boncabe Makaroni Crispy lv 15, 150 g (11)";;"";;;;"";"";"";"";"";"";"";"";"";"";"";"";"";"";"";"";"";"";"";;"";;"";;;;;;"";"";"";"";"";"";"";"";"";"";"";"";"";"";"";"";"";"";"";"";"";"";"";"";"";"";"";"";"";"";"";"";"";"";"";"";"";"";"";"";;;;"";;;;"";"";;"";;;;"";"";;"";;"";;"";"";;"";;;;;;"";;""
2,99;"S";"EUR";;;"";"10000";"8300";"";1806;"R32887";"";;"50023 TONG TJI, Jasmine Teebeutel, 25 x 2 g (7)";;"";;;;"";"";"";"";"";"";"";"";"";"";"";"";"";"";"";"";"";"";"";;"";;"";;;;;;"";"";"";"";"";"";"";"";"";"";"";"";"";"";"";"";"";"";"";"";"";"";"";"";"";"";"";"";"";"";"";"";"";"";"";"";"";"";"";"";;;;"";;;;"";"";;"";;;;"";"";;"";;"";;"";"";;"";;;;;;"";;""
5,5;"S";"EUR";;;"";"10000";"8400";"";1806;"R32887";"";;"80000 SIDOMUNCUL, Tolak Angin, 12 x 15 ml (8)";;"";;;;"";"";"";"";"";"";"";"";"";"";"";"";"";"";"";"";"";"";"";;"";;"";;;;;;"";"";"";"";"";"";"";"";"";"";"";"";"";"";"";"";"";"";"";"";"";"";"";"";"";"";"";"";"";"";"";"";"";"";"";"";"";"";"";"";;;;"";;;;"";"";;"";;;;"";"";;"";;"";;"";"";;"";;;;;;"";;""
2,5;"S";"EUR";;;"";"10000";"8300";"";1806;"R32887";"";;"21102 JAWARA, Saus Cabe Extra Hot 250ml (9)";;"";;;;"";"";"";"";"";"";"";"";"";"";"";"";"";"";"";"";"";"";"";;"";;"";;;;;;"";"";"";"";"";"";"";"";"";"";"";"";"";"";"";"";"";"";"";"";"";"";"";"";"";"";"";"";"";"";"";"";"";"";"";"";"";"";"";"";;;;"";;;;"";"";;"";;;;"";"";;"";;"";;"";"";;"";;;;;;"";;""
2,5;"S";"EUR";;;"";"10000";"8300";"";1806;"R32887";"";;"17121 TOTOLE, Champignon Bouillon, 80 g (10)";;"";;;;"";"";"";"";"";"";"";"";"";"";"";"";"";"";"";"";"";"";"";;"";;"";;;;;;"";"";"";"";"";"";"";"";"";"";"";"";"";"";"";"";"";"";"";"";"";"";"";"";"";"";"";"";"";"";"";"";"";"";"";"";"";"";"";"";;;;"";;;;"";"";;"";;;;"";"";;"";;"";;"";"";;"";;;;;;"";;""
2;"S";"EUR";;;"";"10000";"8300";"";1806;"R32887";"";;"16064 MASAKO, Hühnerfleisch-Extrakt-Gewürz, 250 g (6)";;"";;;;"";"";"";"";"";"";"";"";"";"";"";"";"";"";"";"";"";"";"";;"";;"";;;;;;"";"";"";"";"";"";"";"";"";"";"";"";"";"";"";"";"";"";"";"";"";"";"";"";"";"";"";"";"";"";"";"";"";"";"";"";"";"";"";"";;;;"";;;;"";"";;"";;;;"";"";;"";;"";;"";"";;"";;;;;;"";;""
39,2;"S";"EUR";;;"";"1360";"10000";"";1806;"R32887";"";;"Zahlung erhalten: EC (Kasse Standard-Kasse)";;"";;;;"";"";"";"";"";"";"";"";"";"";"";"";"";"";"";"";"";"";"";;"";;"";;;;;;"";"";"";"";"";"";"";"";"";"";"";"";"";"";"";"";"";"";"";"";"";"";"";"";"";"";"";"";"";"";"";"";"";"";"";"";"";"";"";"";;;;"";;;;"";"";;"";;;;"";"";;"";;"";;"";"";;"";;;;;;"";;""
8,69;"S";"EUR";;;"";"1000";"10000";"";1806;"R32888";"";;"Zahlung erhalten: Bar (Kasse Standard-Kasse)";;"";;;;"";"";"";"";"";"";"";"";"";"";"";"";"";"";"";"";"";"";"";;"";;"";;;;;;"";"";"";"";"";"";"";"";"";"";"";"";"";"";"";"";"";"";"";"";"";"";"";"";"";"";"";"";"";"";"";"";"";"";"";"";"";"";"";"";;;;"";;;;"";"";;"";;;;"";"";;"";;"";;"";"";;"";;;;;;"";;""
1,2;"S";"EUR";;;"";"10000";"8300";"";1806;"R32888";"";;"56040 MOGU-MOGU, Litchigeschmack, 320 ml (1)";;"";;;;"";"";"";"";"";"";"";"";"";"";"";"";"";"";"";"";"";"";"";;"";;"";;;;;;"";"";"";"";"";"";"";"";"";"";"";"";"";"";"";"";"";"";"";"";"";"";"";"";"";"";"";"";"";"";"";"";"";"";"";"";"";"";"";"";;;;"";;;;"";"";;"";;;;"";"";;"";;"";;"";"";;"";;;;;;"";;""
2,99;"S";"EUR";;;"";"10000";"8300";"";1806;"R32888";"";;"50008 SARIWANGI, Teebeutel, 25 x 2 g (2)";;"";;;;"";"";"";"";"";"";"";"";"";"";"";"";"";"";"";"";"";"";"";;"";;"";;;;;;"";"";"";"";"";"";"";"";"";"";"";"";"";"";"";"";"";"";"";"";"";"";"";"";"";"";"";"";"";"";"";"";"";"";"";"";"";"";"";"";;;;"";;;;"";"";;"";;;;"";"";;"";;"";;"";"";;"";;;;;;"";;""
4,5;"S";"EUR";;;"";"10000";"8300";"";1806;"R32888";"";;"14451 MARJAN, Sirup mit Moccageschmack, 460ml (3)";;"";;;;"";"";"";"";"";"";"";"";"";"";"";"";"";"";"";"";"";"";"";;"";;"";;;;;;"";"";"";"";"";"";"";"";"";"";"";"";"";"";"";"";"";"";"";"";"";"";"";"";"";"";"";"";"";"";"";"";"";"";"";"";"";"";"";"";;;;"";;;;"";"";;"";;;;"";"";;"";;"";;"";"";;"";;;;;;"";;""
